stars,title,review_body,cleaned_review,AI_Sentiment,AI_Category
5.0,Such a lovely scent but not overpowering.,"This spray is really nice. It smells really good, goes on really fine, and does the trick. I will say it feels like you need a lot of it though to get the texture I want. I have a lot of hair, medium thickness. I am comparing to other brands with yucky chemicals so I'm gonna stick with this. Try it!",spray really nice smells really good goes really fine trick say feels like need lot though get texture want lot hair medium thickness comparing brands yucky chemicals im gonna stick try,Error,Error
4.0,Works great but smells a little weird.,"This product does what I need it to do, I just wish it was odorless or had a soft coconut smell. Having my head smell like an orange coffee is offputting. (granted, I did know the smell was described but I was hoping it would be light)",product need wish odorless soft coconut smell head smell like orange coffee offputting granted know smell described but hoping would light,Error,Error
5.0,Yes!,"Smells good, feels great!",smells good feels great,Error,Error
1.0,Synthetic feeling,Felt synthetic,felt synthetic,Error,Error
5.0,A+,Love it,love,Error,Error
4.0,Pretty Color,The polish was quiet thick and did not apply smoothly. I let dry overnight before adding a second coat since it was so thick.,polish quiet thick not apply smoothly let dry overnight adding second coat since thick,Error,Error
5.0,Handy,"Great for many tasks.  I purchased these for makeup removal.  No makeup on your washcloths.  Disposable, so great for travel.  Soft.  Absorbant.",great many tasks purchased makeup removal no makeup washcloths disposable great travel soft absorbant,Error,Error
3.0,Meh,These were lightweight and soft but much too small for my liking. I would have preferred two of these together to make one loc. For that reason I will not be repurchasing.,lightweight soft but much small liking would preferred two together make one loc reason not repurchasing,Error,Error
5.0,Great for at home use and so easy to use!,This is perfect for my between salon visits. I have been using this now twice a week for over a month and I absolutely love it! My skin looks amazing and feels super smooth and silky. This is also super easy to use (just follow instructions). I can see already that I will begin expanding the time between visits which will definitely help me save money in the long run. Highly recommend!,perfect salon visits using twice week month absolutely love skin looks amazing feels super smooth silky also super easy use follow instructions see already begin expanding time visits definitely help save money long run highly recommend,Error,Error
5.0,Nice shampoo for the money,"I get Keratin treatments at the salon at least 3-4 times a year (would do it more often if I could afford it). I am always in the market to use products that can help extend my salon visits. This Keratin shampoo is really nice. It is sulfate free (which is the first thing I look for ) and makes my hair feel silky smooth and soft. I highly recommend for anyone who wants to improve the texture and appearance of your hair. I really like the fragrance, too.",get keratin treatments salon least times year would often could afford always market use products help extend salon visits keratin shampoo really nice sulfate free first thing look makes hair feel silky smooth soft highly recommend anyone wants improve texture appearance hair really like fragrance,Error,Error
3.0,Not what I thought I would be getting,"I was very disappointed when I got this facial scrub. I had assumed it was like other scrubs I use but it wasn't. This is a powder which you need to mix with water to make a paste before you put it on your face. I have a tendency to like to use scrubs in the shower with me, so this extra step doesn't really work for me. As far as the scrubbing factor goes, it's ok. I didn't feel a real smoothing or softening of my skin after use the way I have with others. The biggest plus is the fragrance (i love the smell of oranges). I won't be repurchasing.",very disappointed got facial scrub assumed like scrubs use but wasnt powder need mix water make paste put face tendency like use scrubs shower extra step doesnt really work far scrubbing factor goes ok didnt feel real smoothing softening skin use way others biggest plus fragrance love smell oranges wont repurchasing,Error,Error
5.0,A little goes a long way!,"This is a really nice moisturizing lotion. It goes on lightly and is readily absorbed into my skin. My skin feels amazingly softer and smoother and allows for a nice base for my makeup to be applied over. You only need a small pea sized amount to cover your entire face and neck. Highly recommend for all skin types, ages and for women as well as men.",really nice moisturizing lotion goes lightly readily absorbed skin skin feels amazingly softer smoother allows nice base makeup applied need small pea sized amount cover entire face neck highly recommend skin types ages women well men,Error,Error
3.0,Just ok,"I try to get Keratin treatments every 3 months, but honestly it has been getting costly. So, when I saw this I was excited to try it. I found it difficult to use and almost impossible to get to saturate the back of my hair and straight iron it the way they do in the salon. Front and sides were ok, but I couldn't maneuver the back to get it straight. Then I saw the ingredients after the first time and saw it contained formaldehyde and that was the last time I used the actual treatment. I did, however, use the shampoo and conditioner (and I still am). I wish they sold the S&C separate because I really did like it and I am always in the market for a good hair wash which won't strip my hair between treatments. I will resume my regular treatments at my salon.",try get keratin treatments every months but honestly getting costly saw excited try found difficult use almost impossible get saturate back hair straight iron way salon front sides ok but couldnt maneuver back get straight saw ingredients first time saw contained formaldehyde last time used actual treatment however use shampoo conditioner still wish sold sc separate really like always market good hair wash wont strip hair treatments resume regular treatments salon,Error,Error
5.0,Good quality hair brush!,"Really nice small brush. Made well, nice wood made with boar bristle, my son absolutely loves this. It brushes his hair well and keeps him looking his best. This compact size makes it nice to keep in the center console of his car or to take on vacation with him. Highly recommend!",really nice small brush made well nice wood made boar bristle son absolutely loves brushes hair well keeps looking best compact size makes nice keep center console car take vacation highly recommend,Error,Error
5.0,Great refreshing skin care routine!,"I had never tried anything for my skin consisting of pomegranate, so I was anxious to try this. It actually is an entire skin care regimine containing a cleanser, a toner, a facial cream, an eye cream and overall moisurizers. I actually was quite surprised how well this worked from start to finish. It was nice having an entire skin care routine in one package (instead of me working with various separate products. Fragrance is light and smells almost apple-like (but very light). I particularly like the cleanser and the toner. It also comes in a beautiful gift box so this would make a wonderful gift for someone. I bought another for my mother-in-law and plan to give it to her when we visit next month. Highly recommend!",never tried anything skin consisting pomegranate anxious try actually entire skin care regimine containing cleanser toner facial cream eye cream overall moisurizers actually quite surprised well worked start finish nice entire skin care routine one package instead working various separate products fragrance light smells almost applelike but very light particularly like cleanser toner also comes beautiful gift box would make wonderful gift someone bought another motherinlaw plan give visit next month highly recommend,Error,Error
3.0,Didn't do much and difficult to place and maintain on your face,"When I saw this, I was thrilled to be able to try it. I have suffered from bags and dark circles under my eyes for years now. I have been 'using' this for almost three weeks and I am not happy with it. First, it's almost impossible for me to keep it in place under my eyes. They come wet out of the packet and I was unsure what side was supposed to be placed on my skin. They do not stay in place and I found them falling off easily. Of course, maybe it was me or my skin, so please don't just rely on my review (read others). I will not be reordering.",saw thrilled able try suffered bags dark circles eyes years using almost three weeks not happy first almost impossible keep place eyes come wet packet unsure side supposed placed skin not stay place found falling easily course maybe skin please dont rely review read others not reordering,Error,Error
5.0,"Quality hair iron, works perfectly to straighten my hair!","This is a great hair straightener. Heats up quickly and evenly, makes it easy to take the curl out of my naturally wavy hair. It fits easily in my hand and maneuvers around the front and back of my head easily. Does not heat up my countertop (keeps the heat on the iron). I love this pink, too, it matches my decor perfectly. I highly recommend this Bellezza styler.",great hair straightener heats quickly evenly makes easy take curl naturally wavy hair fits easily hand maneuvers around front back head easily not heat countertop keeps heat iron love pink matches decor perfectly highly recommend bellezza styler,Error,Error
5.0,Great all natural ear swabs!,"I really like these ear swabs. First they come in a large, handy box and are easy to store (will last a long time). Second, they are all organic and good for the environment. Third, they are strong and don't fall apart very easily. I highly recommend these over Q-Tips (which I have used for years).",really like ear swabs first come large handy box easy store last long time second organic good environment third strong dont fall apart very easily highly recommend qtips used years,Error,Error
5.0,Wonderful overnight cream!,"To be honest, I rarely have used an overnight cream. Typically, my skin care routine is the same morning and night (wash, apply hyalauronic serum, and some kind of moistutrizer). So, when I saw this Iryasa cream I wanted to try it. Easy to apply, you can immediately feel the moisture starting to work. I do apply this about 30 minutes before I actually go to sleep to allow it time to be absorbed (before putting my face on my pillow) as it is a thicker type of cream and needs time. My skin in the morning feels better than ever. Soft and supple, I definitely feel a difference after using this for over 2 weeks now. I highly recommend this cream for women and men.",honest rarely used overnight cream typically skin care routine morning night wash apply hyalauronic serum kind moistutrizer saw iryasa cream wanted try easy apply immediately feel moisture starting work apply minutes actually go sleep allow time absorbed putting face pillow thicker type cream needs time skin morning feels better ever soft supple definitely feel difference using weeks highly recommend cream women men,Error,Error
5.0,This really works!,"At first when I saw this, I wasn't sure what this. I looked at the reviews (which were mostly positive) and thought I would give it a try. My skepticism was quickly diminished after trying this for just a few days. I typically shower every morning and I have Vitamin C and Retinol that I apply to my face. So, when I got this I put it in the freezer and followed the instructions. So, instead of just applying the serums to my face, I started using this roller along with the serums. After less than a week I noticed much less puffiness around my eyes (and I am prone to that area to have bags and puffiness). I also noticed my skin looking noticeably better overall. I think applying this roller to my skin allows the pores to absorb the serums faster and deeper. I will continue to use this going forward. I am really impressed with the results!",first saw wasnt sure looked reviews mostly positive thought would give try skepticism quickly diminished trying days typically shower every morning vitamin c retinol apply face got put freezer followed instructions instead applying serums face started using roller along serums less week noticed much less puffiness around eyes prone area bags puffiness also noticed skin looking noticeably better overall think applying roller skin allows pores absorb serums faster deeper continue use going forward really impressed results,Error,Error
5.0,Nice manicure set for men or women,"This a really cute kit which would make for a great gift for someone. It is in a little leather like pouch and has everything you need to give yourself a quality manicure. The nail clipper is a perfect size and works just as well on a women or man's nails. The file is nice as well (although I still prefer to use emory boards on mine). I actually bought another one of these to give to my son as a stocking stuffer this last Christmas for him to use at college. Just a nice, quality made kit at a reasonable price.",really cute kit would make great gift someone little leather like pouch everything need give quality manicure nail clipper perfect size works well women mans nails file nice well although still prefer use emory boards mine actually bought another one give son stocking stuffer last christmas use college nice quality made kit reasonable price,Error,Error
5.0,Great combo pack. Wish I had been using this years ago!,"I love this combo package, particularly the flosser. This makes a great gift package for someone you love, giving them everything they need to keep their mouth/gum health optimal. I have had issues (particularly gums) for the past 5 years. No ones fault but my own for not taking care of my mouth the way I should have all these years. This flosser is great. I fill it with Act Restoring mouthwash and use it after brushing. It amazes me how much stuff this flosser removes with a simple puff of air. Of course, you can purchase both these items separately, but you save in getting them together. Sonicare  makes the best tooth/gum care products on the market bar none!",love combo package particularly flosser makes great gift package someone love giving everything need keep mouthgum health optimal issues particularly gums past years no ones fault but not taking care mouth way years flosser great fill act restoring mouthwash use brushing amazes much stuff flosser removes simple puff air course purchase items separately but save getting together sonicare makes best toothgum care products market bar none,Error,Error
3.0,I just don't get it,"I don't see the fuss with this toothbrush. As was mentioned in other reviews, it is smaller and more lightweight than other rechargeable toothbrushes. But, beyond that, I just don't get i. I stopped using my older Phillips Sonicare to use this for the past two+ weeks. The vibrations on this brush are very small and I find myself pushing the toothbrush into my teeth and scrubbing to be sure they are getting clean. Maybe there is some secret sonic vibration thing going on, but it didn't happen for me. If I didn't actually have to still 'brush my teeth' manually with this electric toothbrush, maybe it would be fine. However, it's not the case. Without manual intervention, my teeth did not feel clean. As an fyi, I stopped using it this morning and went back to my Phillips.",dont see fuss toothbrush mentioned reviews smaller lightweight rechargeable toothbrushes but beyond dont get stopped using older phillips sonicare use past two weeks vibrations brush very small find pushing toothbrush teeth scrubbing sure getting clean maybe secret sonic vibration thing going but didnt happen didnt actually still brush teeth manually electric toothbrush maybe would fine however not case without manual intervention teeth not feel clean fyi stopped using morning went back phillips,Error,Error
5.0,Five Stars,So many great diverse colors,many great diverse colors,Error,Error
5.0,You won’t regret this purchase.,"Got my new eyebrows in mail today.  Magically my baby caterpillars grew into gorgeous mama size ones.  Papa caterpillar loved the look.  And the eyebrow pen, tweezers and brow shaper templates were just an extra nice bonus!  Thank you.",got new eyebrows mail today magically baby caterpillars grew gorgeous mama size ones papa caterpillar loved look eyebrow pen tweezers brow shaper templates extra nice bonus thank,Error,Error
5.0,nice sized !,i had a small one  that just got destroyed  these wires are much longer and bigger  i expect to live a lot longer than the tiny one i had !,small one got destroyed wires much longer bigger expect live lot longer tiny one,Error,Error
3.0,just ok,its OK  not as good as the  original Wet Brush  just a knock off,ok not good original wet brush knock,Error,Error
1.0,not what it claims to do,nothing special  unfortunately i waited too long to return them ....  no results at all  dont waste your money,nothing special unfortunately waited long return no results dont waste money,Error,Error
5.0,Moisturizing and cost efficient,I love the cocoa butter and shea butter. I hear the shea butter up and whip it until it softens.,love cocoa butter shea butter hear shea butter whip softens,Error,Error
2.0,I'll stick to my 5 blade razor.,"I think I need to stick with my 5 blade razor. This razor is not only difficult to hold & is made of a hard slick plastic with no grippers, but doesn't shave as well as my 5 blade razor. The style is nice, but the functionality is not.",think need stick blade razor razor not difficult hold made hard slick plastic no grippers but doesnt shave well blade razor style nice but functionality not,Error,Error
2.0,Ineffective,A total waste of money.  I get better results using a tea bag to alleviate under eye swelling.,total waste money get better results using tea bag alleviate eye swelling,Error,Error
5.0,Love!,"Didn’t expect much but got a nice beautiful surprise! These are nothing short of awesome. Stay on your head - no matter how big your noggin is or how much crazy hair you have. I need to buy more - my daughters have taken all!! The price, quantity and quality is nothing short of “ best deal ever”!!!!",didnt expect much but got nice beautiful surprise nothing short awesome stay head no matter big noggin much crazy hair need buy daughters taken price quantity quality nothing short best deal ever,Error,Error
1.0,halo hair extensions,"This halo hair extension is simply put, garbage.  Now, you get what you pay for.  And this is a very cheap version.  The faux hair is very shiny and looks literally like bad barbie hair.  It looks WAY better in the photos than in real life.  The color is horrific, in my opinion of course.  The streaks are like paint strips.  And all of that would be one thing - but the worst is that the hair completely fell out!  I had hand fulls of hair strands just trying to put the halo on!  And you might think - well, maybe a little loss is to be expected?  Except this was handfuls and handfuls.  I literally dropped the whole thing right into the trash.  I would say this one is a pass for hair loss alone.  Having said all of this, I never hesitate to update my reviews should new info seem useful. All of my reviews reflect my honest, personal experience with the reviewed item - your experience may be different. I am not influenced by any outside source. I receive/accept NO free products or discounts that are not available to all shoppers- ever. For some reason our shopper ranks are no longer visible - so, to give you a little more info about me, I am a top 50 reviewer (#30 the highest rank achieved). Those numbers used to fluctuate over time - up and down but I noticed that they stopped updating regularly - perhaps to phase them out. It's a shame because it did help you see who has been around the longest and who is a trustworthy reviewer.  I've been doing reviews for over 25 years with Amazon - over 6,000 reviews posted, those reviews have been viewed well over 50,000 times, including well over 25,000 likes. Bottom line, I pay for all my stuff, just like you do.",halo hair extension simply put garbage get pay very cheap version faux hair very shiny looks literally like bad barbie hair looks way better photos real life color horrific opinion course streaks like paint strips would one thing but worst hair completely fell hand fulls hair strands trying put halo might think well maybe little loss expected except handfuls handfuls literally dropped whole thing right trash would say one pass hair loss alone said never hesitate update reviews new info seem useful reviews reflect honest personal experience reviewed item experience may different not influenced outside source receiveaccept no free products discounts not available shoppers ever reason shopper ranks no longer visible give little info top reviewer highest rank achieved numbers used fluctuate time but noticed stopped updating regularly perhaps phase shame help see around longest trustworthy reviewer ive reviews years amazon reviews posted reviews viewed well times including well likes bottom line pay stuff like,Error,Error
5.0,clip rollers,"I purchased these to see if I could set my mom's hair.  She has fine, thin, short hair and I think these could be fun once in a while for a fluffy set.  Mom is 81.  These are super old school - hoping I can do it with a little foam styling product.",purchased see could set moms hair fine thin short hair think could fun fluffy set mom super old school hoping little foam styling product,Error,Error
3.0,replacement filing discs,I purchased the tool for my 80 year old mom because she like to file her own toes and fingers.  This tool makes it so she can.  The thing I don't like?  That you have to purchase ALL four files - the buffing files (2 of the 4) are useless.  So - it would be nice to be able just to purchase the green and blue ones.  The buffing files just go into the trash.,purchased tool year old mom like file toes fingers tool makes thing dont like purchase four files buffing files useless would nice able purchase green blue ones buffing files go trash,Error,Error
5.0,They smell good. They are just the right size,I'm a BIG wet nap fan.  Always have been.  They smell good.  They are just the right size.  I carry them every where.  They don't leak like a bottle of hand santizer and fit in any pocket.  1000?  Yeah.  It's alot...but I'm happy to use them freely.  And quit looking for ways to pocket them at a restaurant.  :)  They arrived quickly (I have prime) and in very good shape!,im big wet nap fan always smell good right size carry every dont leak like bottle hand santizer fit pocket yeah alotbut im happy use freely quit looking ways pocket restaurant arrived quickly prime very good shape,Error,Error
5.0,QUICK RAIN PROTECTION,"Rrain hats are really handy when<br />one doesn't have an umbrella, and<br />easy to carry in a purse or pocket.",rrain hats really handy whenone doesnt umbrella andeasy carry purse pocket,Error,Error
4.0,Good Product,"Worked out fine.  Just a bit tight, but o.k.",worked fine bit tight but ok,Error,Error
5.0,Oil,Works very well,works very well,Error,Error
1.0,Don’t bother,Normally I like NYX products but not this one. It leaves a funny coating on your eyebrows and pushes them down so much they look thinner than they are.<br />Not worth it.,normally like nyx products but not one leaves funny coating eyebrows pushes much look thinner arenot worth,Error,Error
2.0,Not worth it,These fall apart easily...I would not buy again,fall apart easilyi would not buy,Error,Error
4.0,Great headbands,These are nice and fit well and the masks loop in the right place to stay on your face,nice fit well masks loop right place stay face,Error,Error
5.0,Really nice quality,These are not what I was expecting. They are super nice quality and can almost be used as ear warmers. Vey thick and plush.  I ordered 3. One for my grand daughter and on for each of my nieces. They love them.,not expecting super nice quality almost used ear warmers vey thick plush ordered one grand daughter nieces love,Error,Error
5.0,Nice and natural,"Very natural, light weight and good quality. I use on brides who are not use to lashes but still want a bit of length and definition.",very natural light weight good quality use brides not use lashes but still want bit length definition,Error,Error
5.0,LOVE these!!!,I bought a pack of these and loved themso much I immediately bought another pack. They are perfect all around and the price is great!,bought pack loved themso much immediately bought another pack perfect around price great,Error,Error
5.0,Nice colors and dries fast,Haven’t worn it very long yet so can’t comment on longevity but looks great and dried pretty fast.,havent worn very long yet cant comment longevity but looks great dried pretty fast,Error,Error
1.0,waste of money,Plastic does not bend for matching your brows and will not lay against your skin for tinting at all. The shapes included are way too large and do not match the natural brow lines. Total waste of money.,plastic not bend matching brows not lay against skin tinting shapes included way large not match natural brow lines total waste money,Error,Error
5.0,Quality,Adorable and hold up just fine,adorable hold fine,Error,Error
4.0,Did the job and looked great,"Loved it. The words worked out fine but the single pins broke right out of the package, so I threw them out, but I didn’t buy these for the single pins.",loved words worked fine but single pins broke right package threw but didnt buy single pins,Error,Error
3.0,It does work,Be careful there are 3 similar looking packets in the box. 2 are peels and 1 is a moisture mask.,careful similar looking packets box peels moisture mask,Error,Error
5.0,Great multi pack of bands for a great price,Great multi pack of bands for a great price. They wash well in the laundry and don't lose any elasticity,great multi pack bands great price wash well laundry dont lose elasticity,Error,Error
5.0,Great for sensitive skin!,"I'm loving this!<br />I've been looking for a great serum for fine lines and have tried many. However my skin can be very sensitive so with many that I've tried, I've found that I wake up with puffier than usual eyes and some have even caused significant flaky dryness. Not this one! Have used nightly for a few weeks now and absolutely no issues. Absorbs quickly, nor burning.",im loving thisive looking great serum fine lines tried many however skin very sensitive many ive tried ive found wake puffier usual eyes even caused significant flaky dryness not one used nightly weeks absolutely no issues absorbs quickly nor burning,Error,Error
5.0,"Great value, stay power is good",Easy to use,easy use,Error,Error
5.0,Nice scent,Use it for my everyday cologne,use everyday cologne,Error,Error
5.0,Nice gift for a friend,Wife gave them to a friend,wife gave friend,Error,Error
5.0,Great product,Great product,great product,Error,Error
5.0,Absolutely beautiful,"These diamond are absolutely beautiful and shine so well. Not cheesy like some of the colored diamonds can, does not look like cheap plastic at all.<br />I would definitely buy again.<br />Follow me on Instagram @theenailgame",diamond absolutely beautiful shine well not cheesy like colored diamonds not look like cheap plastic alli would definitely buy againfollow instagram theenailgame,Error,Error
1.0,weird sizing.,sizing is all off,sizing,Error,Error
5.0,So cute,Super cute and great value!,super cute great value,Error,Error
2.0,Not sure what this is but it's rough,This is rough on the skin.  I don't like it.  Not sure what it's supposed to do.,rough skin dont like not sure supposed,Error,Error
4.0,Item does what it's supposed to do,"This mask support works great.  It does what it's supposed to do. It keeps your mask off of your mouth and nose, allowing more airflow.  You mouth and nose are still covered, but the fabric isn't right up against your face.",mask support works great supposed keeps mask mouth nose allowing airflow mouth nose still covered but fabric isnt right against face,Error,Error
4.0,"These are easy to use, but take long to put in",my hair is long.  It took a long time to get these put in.  The curls were great. These rollers would be great for someone who wants to sleep in them. I didn't find it worth it to use during the day.<br /><br />Good curlers with no heat.  I prefer my hot rollers.,hair long took long time get put curls great rollers would great someone wants sleep didnt find worth use daygood curlers no heat prefer hot rollers,Error,Error
4.0,I like the angle of this dermaplaning blade,"I do like the angle of this dermaplaning blade, other than that, it's basically a razor.  It preforms just like any other razor blade other than the way you hold it.  I can't say it's something special due to this.  The cleaning brush is great and needs to be used since the hair stays in the blades.",like angle dermaplaning blade basically razor preforms like razor blade way hold cant say something special due cleaning brush great needs used since hair stays blades,Error,Error
4.0,Deep cleaning as described,"4 stars because it pulled my skin off on the sensitive crease on side of my nose.  Just be careful if you have a tough spot upon removing.  You must rewet it if it is sticking too strongly.  I started on that spot and didn't realize it was tearing my skin.  If you follow the instructions, you should have no problem.",stars pulled skin sensitive crease side nose careful tough spot upon removing must rewet sticking strongly started spot didnt realize tearing skin follow instructions no problem,Error,Error
5.0,Exactly as described super kawaii!,I really love this blush it's super cute ultra kawaii and I personally am a fan of the changing pictures that it comes with so it's awesome I guess I just wished it was eyeshadow instead the sailor moon one is also cute but too expensive in my opinion and the blush is not a big deal but this item is more like collection stuff but it's really worth it if you want a cute gift or just something really cute to stare at :) /play with for a bit.,really love blush super cute ultra kawaii personally fan changing pictures comes awesome guess wished eyeshadow instead sailor moon one also cute but expensive opinion blush not big deal but item like collection stuff but really worth want cute gift something really cute stare play bit,Error,Error
5.0,Such a nice spray mist,"This spray smells amazing, it does claim to be completely natural so I am wondering if it really is since the smell is very well... processed in my opinion, that being said, it does look completely natural it's completely transparent and once you apply it it doesn't feel as sticky as other products I've used before it really gives the hair a very natural look and for having just applied it a few minutes ago my hair feels extremely soft to the touch which gives me a pretty good idea that this is a good hair spray. The presentation is really pretty and looks cute and clean as well. I love it! I just hope it works well in the long run! The only problem I had (completely unrelated to the spray itself) is that they left it at my neighbors door instead.",spray smells amazing claim completely natural wondering really since smell very well processed opinion said look completely natural completely transparent apply doesnt feel sticky products ive used really gives hair very natural look applied minutes ago hair feels extremely soft touch gives pretty good idea good hair spray presentation really pretty looks cute clean well love hope works well long run problem completely unrelated spray left neighbors door instead,Error,Error
4.0,Not 100% sure how safe it is particularly for damaged feet.,Had originally planned on using this for my feet but given I have some cracks it mentioned not to use on cracked or hurt feet because it could sting and other similar side effects. I am not sure whether to use this product or not because it also mentioned that it is possible that it will sting whether or not you have cracks on your feet or anything similar. I am a little worried if I should use this at all. I am gifting this away because I do not want to hurt my feet. I hope it helps someone else.,originally planned using feet but given cracks mentioned not use cracked hurt feet could sting similar side effects not sure whether use product not also mentioned possible sting whether not cracks feet anything similar little worried use gifting away not want hurt feet hope helps someone else,Error,Error
5.0,Doing the job!,"Very surprised! I am please with first round on my black, dyed hair. Turned a dark brown! Second round in a couple of days. (Suggest a leave in hair oil from scalp to roots for before and after use) hair is soft after use. Has an odor, but not overwhelming if you cover with disposable hair cap. Easy to use.",very surprised please first round black dyed hair turned dark brown second round couple days suggest leave hair oil scalp roots use hair soft use odor but not overwhelming cover disposable hair cap easy use,Error,Error
4.0,Hydrating!,"This lip butter is pretty much a lip gloss. I haven't noticed any lip plumping action, but it is hydrating. It smells wonderful! There's a slight pinkish tinge to it, but it's sheer and not very prominent. It doesn't last very long and does transfer.",lip butter pretty much lip gloss havent noticed lip plumping action but hydrating smells wonderful theres slight pinkish tinge but sheer not very prominent doesnt last very long transfer,Error,Error
5.0,Luxurious!,"I am enjoying this face cream. I find it to be luxurious. It's nice and creamy. The glass jar is very nice. It smells wonderful. It doesn't irritate my sensitive skin. I've been using it at nighttime because it is a heavier cream. I haven't noticed any miraculous results, but I am a regular user of anti-aging products, so I like to think that this is just continuing what's already going on.",enjoying face cream find luxurious nice creamy glass jar very nice smells wonderful doesnt irritate sensitive skin ive using nighttime heavier cream havent noticed miraculous results but regular user antiaging products like think continuing whats already going,Error,Error
4.0,Good Way to Use a Face Oil,"This is a good way to use a face oil. Normally I skip facial oils because I don't like the way they feel on my face. This one is mixed with a cream, so it doesn't leave your face feeling greasy or oily after applying it. It has a pleasant scent. It isn't sticky though it does leave behind a little tackiness, but that disappears quickly. I'm not really sure what it's supposed to do. I like it. It's definitely hydrating. I do think the descriptions are pretty vague. It doesn't bother my sensitive skin, which is always a plus.",good way use face oil normally skip facial oils dont like way feel face one mixed cream doesnt leave face feeling greasy oily applying pleasant scent isnt sticky though leave behind little tackiness but disappears quickly im not really sure supposed like definitely hydrating think descriptions pretty vague doesnt bother sensitive skin always plus,Error,Error
4.0,Small Bottle,"I'm in my mid-fifties and I have been using creams targeted to the neck and chest area for a few years now. I have definitely seem some improvement in the texture of that skin. This bottle is very small. It's a lotion consistency and it has a light pleasant scent. It doesn't leave my hands feeling sticky, but the bottle is sticky. I have washed it at least once and it remains sticky. It absorbs quickly. I can't tell if it's doing it's job as I haven't seen any noticeable changes, but it isn't hurting anything either.",im midfifties using creams targeted neck chest area years definitely seem improvement texture skin bottle very small lotion consistency light pleasant scent doesnt leave hands feeling sticky but bottle sticky washed least remains sticky absorbs quickly cant tell job havent seen noticeable changes but isnt hurting anything either,Error,Error
4.0,Creamy!,"This night cream has a good, thick consistency. It's definitely a cream and not like a balm. It has a strong scent to it. It smells like a flowery perfume. It smells nice, but it is strong. If you are sensitive to smells, this may not be for you. I don't have any problems with it, though I do prefer citrus scents over flowers, but that's just a personal preference. It doesn't leave my skin feeling sticky or greasy. It absorbs pretty well.",night cream good thick consistency definitely cream not like balm strong scent smells like flowery perfume smells nice but strong sensitive smells may not dont problems though prefer citrus scents flowers but thats personal preference doesnt leave skin feeling sticky greasy absorbs pretty well,Error,Error
5.0,Leaves Skin Feeling Soft!,"I really like this face oil by Dose of Colors. It is fragrance free, but it has a light, pleasant smell to it. It does feel a bit oily, but that goes away after several minutes. I'm only using this at nighttime, because it's too heavy for daytime use in my opinion. It doesn't annoy my sensitive skin. It leaves my skin feeling super soft!",really like face oil dose colors fragrance free but light pleasant smell feel bit oily but goes away several minutes im using nighttime heavy daytime use opinion doesnt annoy sensitive skin leaves skin feeling super soft,Error,Error
4.0,Smells Good!,"I enjoy sugar scrubs! They are wonderful for smoothing rough elbows. This one is a small container. I would consider it more of a travel size or sample size. It smells good. It's got a fruity/beachy smell to it. The scrub has a coarse texture which makes it better for exfoliating, yet I didn't have any troubles with it being too rough on my skin. It is very emollient and has a waxy feel to it.  Because of the waxiness, it coats the skin. I used some on my feet and they became a bit slippery on the tile shower floor. I have had some scrubs that leave you feeling super greasy and waxy, but this one is more of a moderate level of greasiness. It definitely softens the skin.",enjoy sugar scrubs wonderful smoothing rough elbows one small container would consider travel size sample size smells good got fruitybeachy smell scrub coarse texture makes better exfoliating yet didnt troubles rough skin very emollient waxy feel waxiness coats skin used feet became bit slippery tile shower floor scrubs leave feeling super greasy waxy but one moderate level greasiness definitely softens skin,Error,Error
4.0,Pleasant Scent,"This perfume by Shakira has a pleasant scent. I can detect sweet and spicy notes in it. It is not very strong, which is good. It definitely fades over the course of the day, but I can still detect light whiffs at the end of the day. The bottle is attractive, but the cap or lid is way too plain. You have the sexy body shaped bottle and then there's a little clear plastic lid that has not aesthetics at all. If you could be the lid to anything and doesn't stand out at all.",perfume shakira pleasant scent detect sweet spicy notes not very strong good definitely fades course day but still detect light whiffs end day bottle attractive but cap lid way plain sexy body shaped bottle theres little clear plastic lid not aesthetics could lid anything doesnt stand,Error,Error
4.0,Non-Irritating,"I am in my early fifties. I have been using anti-aging products for the past several years. This eye cream has minimal smell to it. The consistency is a thin cream. It's not runny, it's just not thick. I have sensitive eyes and this is non-irritating. My eyes water a lot and that often leads to product getting into my eyes and causing stinging and or burning in the eye area. This cream has not bothered me at all. I haven't noticed any difference in the appearance of the skin around my eye, but because I am a regular user of similar products, I really wouldn't expect to see anything new or different. It does seem to hydrate the delicate skin area.",early fifties using antiaging products past several years eye cream minimal smell consistency thin cream not runny not thick sensitive eyes nonirritating eyes water lot often leads product getting eyes causing stinging burning eye area cream not bothered havent noticed difference appearance skin around eye but regular user similar products really wouldnt expect see anything new different seem hydrate delicate skin area,Error,Error
4.0,Refreshing!,"I like wearing eye masks such as these. They are refreshing and energizing. I store them in my small beauty refrigerator which makes them even more enjoyable. After wearing them, I felt ready to take on the world! It comes with a little spatula so you can take them out of the jar without touching them. It felt like they were slipping as I wore them, but when I went to the bathroom to remove them, they were still in place where I left them. One thing I like about this type of eye mask is that it's easy to go about your day while wearing them. I didn't have any issues with sensitivity thankfully. My eyes are super sensitive.",like wearing eye masks refreshing energizing store small beauty refrigerator makes even enjoyable wearing felt ready take world comes little spatula take jar without touching felt like slipping wore but went bathroom remove still place left one thing like type eye mask easy go day wearing didnt issues sensitivity thankfully eyes super sensitive,Error,Error
4.0,My First Scrunchie!,"This is my first scrunchie. I have not had my hair cut in about 9 months because of the pandemic, so my hair has gotten longer than I've worn it in years! I'm in my early 50's and it's a little below my shoulders now. My hair is thick and coarse. It's long enough to wear in a messy bun for the first time in years! The scrunchie is easy to use and holds up my thick hair pretty well. I don't have to readjust it because it's falling. You can feel the coils inside the fabric. I find it fascinating how it works. When I take it off, it shrinks up again. I like it!",first scrunchie not hair cut months pandemic hair gotten longer ive worn years im early little shoulders hair thick coarse long enough wear messy bun first time years scrunchie easy use holds thick hair pretty well dont readjust falling feel coils inside fabric find fascinating works take shrinks like,Error,Error
4.0,Great for Travel!,"I recently took the Pinrose fragrance quiz on their website and this was the scent that was recommended for me. It's okay. I don't dislike it. I definitely don't love it. It's a musky floral scent. Floral scented fragrances are not my favorites. I prefer either fruity or sweet. This supposedly has peach notes in it, but I don't detect them. Fragrance is a very personal thing and it can smell differently depending on your body chemistry. I do like the concept of the petals. They're basically scented towelettes. They are fairly dry so you're not dripping in scent. I'm planning on putting some of these in my daughter's Christmas stocking. These are also great for travel!",recently took pinrose fragrance quiz website scent recommended okay dont dislike definitely dont love musky floral scent floral scented fragrances not favorites prefer either fruity sweet supposedly peach notes but dont detect fragrance very personal thing smell differently depending body chemistry like concept petals theyre basically scented towelettes fairly dry youre not dripping scent im planning putting daughters christmas stocking also great travel,Error,Error
4.0,Fun Way to Try Out a New Scent,"These Pinrose Gilded Fox petals are a fun way to try out a new scent! The box comes with 12 packets. Each packet has a fragrance infused towelette. They aren't too wet, but you are able to rub or wipe them on your pulse points or wherever and transfer the scent to your body. This one has a very interesting smell. At first I didn't detect the chocolate, so it's a bit subtle. The smell is a powdery sweetness with a hint of chocolate. I threw away the wipe in my office trash can and caught pleasant whiffs of it throughout the day. Since the box comes with so many, I plan to put some in my daughter's Christmas stocking so she can try them out. They would also be great for traveling.",pinrose gilded fox petals fun way try new scent box comes packets packet fragrance infused towelette arent wet but able rub wipe pulse points wherever transfer scent body one very interesting smell first didnt detect chocolate bit subtle smell powdery sweetness hint chocolate threw away wipe office trash caught pleasant whiffs throughout day since box comes many plan put daughters christmas stocking try would also great traveling,Error,Error
5.0,Best Face Wipes!,"I have tried several different brands of face wipes. These have to be some of the best ones that I have ever used. They have a wonderful, refreshing scent to them. They are wetter than most wipes I have used which makes them more effective at cleansing the face. The cloths are a good size and pretty soft. They didn't irritate my sensitive skin. The package did rip as I was trying to remove the open sticker, so I have put them inside a plastic baggie so they don't dry out prematurely.",tried several different brands face wipes best ones ever used wonderful refreshing scent wetter wipes used makes effective cleansing face cloths good size pretty soft didnt irritate sensitive skin package rip trying remove open sticker put inside plastic baggie dont dry prematurely,Error,Error
4.0,A Bit Oily,"I am in my early fifties and my morning skincare routine calls for Vitamin C serum. This doesn't smell like most other Vitamin C serums that I have used. It has a neutral scent that doesn't linger. The serum consistency is thick, but runny. It's a bit oily and doesn't absorb quickly. My skin can be sensitive at times, but I didn't have any problems with this. Overall, I like it, but I don't love it.",early fifties morning skincare routine calls vitamin c serum doesnt smell like vitamin c serums used neutral scent doesnt linger serum consistency thick but runny bit oily doesnt absorb quickly skin sensitive times but didnt problems overall like but dont love,Error,Error
4.0,Good Variety of Travel Size Skincare Products,"It's difficult to find some targeted skincare products in travel sizes. I can usually find cleansers and moisturizers, but serums and eye creams are not so easy to track down. This travel set comes with a foaming cleanser, an eye cream, a serum, and a moisturizer as well as a beauty spritz. I wasn't sure what the spritz was for, so I sprayed it on my face after washing it, kind of like a toner, but later I discovered that it's more of a setting spray. The sizes are typical for travel. They're small and should last up to a week, I'm guessing. The individual products seem to be fine. I've used the foaming cleanser before, but the other items were all new to me. The scents were light and floral. None of the products were irritating. I have sensitive eyes and skin and nothing bothered them. I do think the kit is a bit pricey, but that's not affecting my review.",difficult find targeted skincare products travel sizes usually find cleansers moisturizers but serums eye creams not easy track travel set comes foaming cleanser eye cream serum moisturizer well beauty spritz wasnt sure spritz sprayed face washing kind like toner but later discovered setting spray sizes typical travel theyre small last week im guessing individual products seem fine ive used foaming cleanser but items new scents light floral none products irritating sensitive eyes skin nothing bothered think kit bit pricey but thats not affecting review,Error,Error
4.0,Nice Variety of Colors,"This set of gel nail polishes comes in a nice variety of colors. The brushes seem fairly comparable to other nail polishes. What I really like is that there is a little window on the front of each bottle that shows you the color. I've ordered some gel nail polishes that have no color identification on the bottle and I have had to paint (and tape over) a small dot of polish so I can identify them without opening. Overall, I am pleased with these.",set gel nail polishes comes nice variety colors brushes seem fairly comparable nail polishes really like little window front bottle shows color ive ordered gel nail polishes no color identification bottle paint tape small dot polish identify without opening overall pleased,Error,Error
4.0,Comfortable Head Band,"I work at home, so I can't get by without wearing a face mask for a good part of the day, but I do wear one if I am going out. I have had issues with some masks not staying over my ears. This is a good way to utilize those masks. The  headband is comfortable and light weight. It has some stretch to it. The buttons are a little loose, so I tightened them before I wore the headband out in public. I found that I had to pay attention to how I was putting it on my head so the buttons were even, otherwise my mask was crooked. It's definitely a helpful item.",work home cant get without wearing face mask good part day but wear one going issues masks not staying ears good way utilize masks headband comfortable light weight stretch buttons little loose tightened wore headband public found pay attention putting head buttons even otherwise mask crooked definitely helpful item,Error,Error
4.0,Good Hand Sanitizer!,"For a new (or at least new to me) brand of hand sanitizer, I am pleased with it. I like the pump dispenser which is easy to use. The bottles are a good size. While you can detect the smell of the alcohol, it's not too strong or overpowering like some can be.  With so many new brands out there these day, I wouldn't hesitate to purchase again.",new least new brand hand sanitizer pleased like pump dispenser easy use bottles good size detect smell alcohol not strong overpowering like many new brands day wouldnt hesitate purchase,Error,Error
4.0,Leaves Skin Feeling Soft,"I am in my early fifties. I found a multi-step skincare routine a few years ago and I follow it pretty regularly. The final step for both the morning and evening is face oil. For the longest time, I skipped that step because I didn't want my face feeling oily. Plus, it just seemed that it would clog pores and lead to acne. I recently tried a different face oil and found it wasn't a bad step at all. This oil has a nice, essential oil smell to it. The only ingredient that I can detect by smell is the lavender. It's not overpowering, but it is noticeable. The oil absorbs quicker when it's applied to dry skin. I tried it out on the back of my hand and it absorbed nearly right away. When used as the final step in my skincare routine, it took much longer to absorb. It leaves my skin feeling really soft! I haven't had any problems since using it. I personally only use it at nighttime because I don't want my skin looking oily, even for a little while, during the day.",early fifties found multistep skincare routine years ago follow pretty regularly final step morning evening face oil longest time skipped step didnt want face feeling oily plus seemed would clog pores lead acne recently tried different face oil found wasnt bad step oil nice essential oil smell ingredient detect smell lavender not overpowering but noticeable oil absorbs quicker applied dry skin tried back hand absorbed nearly right away used final step skincare routine took much longer absorb leaves skin feeling really soft havent problems since using personally use nighttime dont want skin looking oily even little day,Error,Error
4.0,Light Weight,"This is a light weight serum. It has a runny, liquidy consistency that's non-greasy. It doesn't leave behind any stickiness or tackiness. There is no scent to it either. It absorbs really fast and immediately hydrates your skin. It leaves a smooth finish. It's non-irritating and doesn't annoy my sensitive skin.",light weight serum runny liquidy consistency thats nongreasy doesnt leave behind stickiness tackiness no scent either absorbs really fast immediately hydrates skin leaves smooth finish nonirritating doesnt annoy sensitive skin,Error,Error
4.0,Soft,"I wear headbands like this in the evening when washing my face and following my skincare routine. These headbands are very soft. I found these to be a little small, but they do stretch enough to accommodate my large head. I have just had other headbands that were a little larger and didn't require being stretched to the max just to fit. I like the variety of colors and have shared these with my eighteen year old daughter. One thing that I do like is that the bow doesn't get off centered as easily as my old one. My old one has to be adjusted every time I put it on. This one seems to be just fine.",wear headbands like evening washing face following skincare routine headbands very soft found little small but stretch enough accommodate large head headbands little larger didnt require stretched max fit like variety colors shared eighteen year old daughter one thing like bow doesnt get centered easily old one old one adjusted every time put one seems fine,Error,Error
3.0,Not The Right Target Audience,"I guess I'm not the right target audience for this Vitamin C/Retinol Moisturizer. I'm in my early fifties. Both of those ingredients are part of my daily skincare routine, so I thought it would be perfect for me. I did not see the recommended for ages 20-30s before ordering. It has a light, barely noticeable citrus smell to it. It absorbs really quickly but in doing so, I found it to be over drying on my mature skin. Other than that issue, I didn't have any other problems with my sensitive skin. Luckily, I have an eighteen year old daughter so I will pass it along to her to use.",guess im not right target audience vitamin cretinol moisturizer im early fifties ingredients part daily skincare routine thought would perfect not see recommended ages ordering light barely noticeable citrus smell absorbs really quickly but found drying mature skin issue didnt problems sensitive skin luckily eighteen year old daughter pass along use,Error,Error
4.0,Nice Fruity Scent,"This serum is more the consistency of a lotion than serums that I have used in the past. It has a nice fruity smell. It doesn't irritate my sensitive skin. The serum absorbs quickly and isn't tacky or sticky. I am in my early fifties and use an assortment of anti-aging products daily. I haven't seen any new miraculous results with this, but it does moisturize. As a regular user of such products, I really don't think I would see anything new from them, but rather a continuation of what I have already started to achieve.",serum consistency lotion serums used past nice fruity smell doesnt irritate sensitive skin serum absorbs quickly isnt tacky sticky early fifties use assortment antiaging products daily havent seen new miraculous results but moisturize regular user products really dont think would see anything new but rather continuation already started achieve,Error,Error
4.0,Non-Greasy,"I apply body lotion every morning and night. This one is a thinner lotion than some, but it absorbs quickly. My skin just drinks it up! It's non-greasy and has a light, pleasant scent to it. The bottle is a little oddly shaped. It's thin and flat which makes it a little difficult to grip in my opinion.",apply body lotion every morning night one thinner lotion but absorbs quickly skin drinks nongreasy light pleasant scent bottle little oddly shaped thin flat makes little difficult grip opinion,Error,Error
4.0,Huge Bottle!,"Last summer I decided to grow out my bangs after having them for all of my adult life. I hadn't used much hairspray since the eighties and into the nineties, but I found that I needed to spray my former bangs in order to help train them to their new position. This is a huge bottle of hair spray. It has a standard hair spray smell. It gives a nice mist. It doesn't leave my hair crunchy. It's a flexible hold so my hair moves and looks natural. So far I am pleased with it.",last summer decided grow bangs adult life hadnt used much hairspray since eighties nineties but found needed spray former bangs order help train new position huge bottle hair spray standard hair spray smell gives nice mist doesnt leave hair crunchy flexible hold hair moves looks natural far pleased,Error,Error
4.0,Easy to Use!,"As I have gotten older (I'm in my early fifties), I've noticed that my eyelashes have become sparser. This eyelash growth serum is easy to use. It doesn't sting or irritate my sensitive eyes either. I haven't seen much change in the length of my lashes yet, but I think I can see some new growth or density. I will continue using this and update my review if necessary.",gotten older im early fifties ive noticed eyelashes become sparser eyelash growth serum easy use doesnt sting irritate sensitive eyes either havent seen much change length lashes yet but think see new growth density continue using update review necessary,Error,Error
5.0,Gentle!,"This goat milk cleanser is very gentle. I have sensitive skin and it doesn't irritate or annoy my skin at all. It has a pump dispenser that works nicely. It's thick, like a lotion consistency. The cleanser doesn't lather or foam. I haven't been able to notice any scent, good or bad. It doesn't dry out my skin. I'm very pleased with it.",goat milk cleanser very gentle sensitive skin doesnt irritate annoy skin pump dispenser works nicely thick like lotion consistency cleanser doesnt lather foam havent able notice scent good bad doesnt dry skin im very pleased,Error,Error
5.0,Moisturizing,"'Tis the season for dry hands! I go through a lot of hand creams in the winter months. This lotion is not too thick, but it's not runny either. It absorbs nicely and doesn't leave behind any greasiness. It has a light, fruity scent that's not overpowering. In fact, I found it to be barely noticeable. It is very moisturizing and leaves my hands soft. I would order this again.",tis season dry hands go lot hand creams winter months lotion not thick but not runny either absorbs nicely doesnt leave behind greasiness light fruity scent thats not overpowering fact found barely noticeable very moisturizing leaves hands soft would order,Error,Error
4.0,Leaves Teeth Clean,"I've used sonic toothbrushes before. I like the pink color of this. It comes with a travel case and extra brush heads. There are several different speeds/settings that you can use. As far as I can tell, there isn't a timer on it which would be nice. The bristles are pretty firm. I'm guessing maybe they are a medium. It does a good job of leaving my teeth clean.",ive used sonic toothbrushes like pink color comes travel case extra brush heads several different speedssettings use far tell isnt timer would nice bristles pretty firm im guessing maybe medium good job leaving teeth clean,Error,Error
3.0,Doesn't Irritate My Skin,"I am in my early 50's and have been a regular user of anti-aging products for the past several years. This serum comes in a glass bottle and has a dropper applicator. It takes about half of the dropper to cover my face. It has a tacky (but not sticky) feel to it which remains for a while even after it has absorbed into the skin. The microbeads have to be crushed or else you have little white beads on your face. It's not difficult to break the beads. I just press on them and they rub into the skin. After applying the serum, my face was really dry. I have been using this at night. I have a multi-step skin care routine so I followed this with my nighttime moisturizer, then retinol, and some face oil. The serum doesn't irritate my sensitive skin. There is a mild scent, but nothing that I could recognize. Overall, it's okay. I haven't noticed any tightening or improvements in my skin. However, as a regular user of anti-aging products, I wasn't expecting anything new.",early regular user antiaging products past several years serum comes glass bottle dropper applicator takes half dropper cover face tacky but not sticky feel remains even absorbed skin microbeads crushed else little white beads face not difficult break beads press rub skin applying serum face really dry using night multistep skin care routine followed nighttime moisturizer retinol face oil serum doesnt irritate sensitive skin mild scent but nothing could recognize overall okay havent noticed tightening improvements skin however regular user antiaging products wasnt expecting anything new,Error,Error
4.0,Easy to Use!,"My husband started a business recently and was looking at options for his bookkeeping. He knew that he wanted to use QuickBooks from his previous experience. Originally he was going to use the web based version, but since this comes with a year of enhanced payroll, he decided to go with this. He consulted with an accountant in getting it set up for his company's needs. He did have to contact customer support to help him get the enhanced payroll feature working. For some reason, it had the number 1234567 prefilled and he couldn't change it without customer support. So far it has been easy to use and has done everything he's needed it to do.",husband started business recently looking options bookkeeping knew wanted use quickbooks previous experience originally going use web based version but since comes year enhanced payroll decided go consulted accountant getting set companys needs contact customer support help get enhanced payroll feature working reason number prefilled couldnt change without customer support far easy use done everything hes needed,Error,Error
5.0,Soft!,"These hair towel wraps are the softest hair towels that I have ever had. They aren't the typical ""dry"" microfiber material that other hair towels tend to be.  My daughter hair goes past her shoulders a bit whereas mine is about chin length. They wraps work well for both of us. They stay in place well and take a lot of the water out of our wet hair. The towel doesn't get too heavy when wearing it either. I love the variety of colors. These really look nice and come in a gift box. They would make a great gift!",hair towel wraps softest hair towels ever arent typical dry microfiber material hair towels tend daughter hair goes past shoulders bit whereas mine chin length wraps work well us stay place well take lot water wet hair towel doesnt get heavy wearing either love variety colors really look nice come gift box would make great gift,Error,Error
5.0,Great Quality,"I have been using jade rollers for the past few months. This is my third one. The first one that I bought was much larger than this and I found it to be a bit awkward at times. Plus the end that rolls around the eyes was a static piece, not a roller. Then I tried a smaller one more recently. It was fine, until the eye roller piece broke off. The metal piece that holds it in never felt really sturdy and when it broke, I wasn't really surprised. This one is the nicest one I've tried. It's a great quality and very sturdy. The size is perfect. The directions say to chill it in the refrigerator, but I have found that it's usually cold enough just leaving it out on my bathroom counter. I use it primarily to help my serums and creams absorb into my skin better. This comes with another tool, a Gua Sha, which I was unfamiliar with. They both were in a nice drawstring bag and would be perfect for gift giving.",using jade rollers past months third one first one bought much larger found bit awkward times plus end rolls around eyes static piece not roller tried smaller one recently fine eye roller piece broke metal piece holds never felt really sturdy broke wasnt really surprised one nicest one ive tried great quality very sturdy size perfect directions say chill refrigerator but found usually cold enough leaving bathroom counter use primarily help serums creams absorb skin better comes another tool gua sha unfamiliar nice drawstring bag would perfect gift giving,Error,Error
5.0,Impressive!,"I have one of the original Makeup Erasers and to be honest, I can't tell the difference between these cloths or the original one. Well, that's not entirely true, I can tell the difference. These have a hanging loop and the name brand ones don't! Side by side, they are identical. These are just as soft. They do an impressive job of removing makeup, especially mascara. They are gently on my skin. These come in a set of 2, plus the set is half the price of the original. I will be ordering some of these for the girls in my life!",one original makeup erasers honest cant tell difference cloths original one well thats not entirely true tell difference hanging loop name brand ones dont side side identical soft impressive job removing makeup especially mascara gently skin come set plus set half price original ordering girls life,Error,Error
4.0,Nice Variety of Colors,"My daughter received a UV Light Manicure Light last year for Christmas from her aunt. It came with a couple of colors, but she is thrilled to have this nice variety of colors now. The quality of the nail polish is comparable to other gel nail polishes that we have bought. It works as it should. She has polished her nails once so far with this set. As of now, it's been one week and they all look as good as the first day. Usually gel polish lasts for about 2 weeks on her, so at this rate, she thinks the results will be the same. One thing she didn't like was that the bottles are not labeled or marked to indicate what colors they are. To solve this, we put a drop of nail polish on the back of each bottle. The polish wouldn't dry without the LED light, which we realized after 5 hours of waiting. So we took a piece of clear tape and covered the polish drop. So now she can easily identify the right bottle without having to open each one.",daughter received uv light manicure light last year christmas aunt came couple colors but thrilled nice variety colors quality nail polish comparable gel nail polishes bought works polished nails far set one week look good first day usually gel polish lasts weeks rate thinks results one thing didnt like bottles not labeled marked indicate colors solve put drop nail polish back bottle polish wouldnt dry without led light realized hours waiting took piece clear tape covered polish drop easily identify right bottle without open one,Error,Error
5.0,Great Exfoliator!,"I love coffee scrubs. This one is a new favorite. There are two types of body scrubs. Dry ones that are like sand and don't clump together or ones that have a lot of oil that cause it to clump together. This one is a dry one. It comes with a little scoop which is nice. My last dry coffee scrub that I had did not, so it actually was a bit messy to use. The directions say to scrub it on your skin and leave for a few seconds before rinsing. Most coffee scrubs that I have tried say to leave it on for a few minutes which I find to be nearly impossible unless you turn the water off. The smell is amazing - a rich coffee scent that is perfect for slow moving mornings. It does leave behind an ever so slightly oily texture, but it goes away after toweling off and leaves behind soft skin. I haven't noticed any difference in my cellulite, but I have read that caffeine helps with it. I don't use it for the cellulite. I like to use it for exfoliating my skin.",love coffee scrubs one new favorite two types body scrubs dry ones like sand dont clump together ones lot oil cause clump together one dry one comes little scoop nice last dry coffee scrub not actually bit messy use directions say scrub skin leave seconds rinsing coffee scrubs tried say leave minutes find nearly impossible unless turn water smell amazing rich coffee scent perfect slow moving mornings leave behind ever slightly oily texture but goes away toweling leaves behind soft skin havent noticed difference cellulite but read caffeine helps dont use cellulite like use exfoliating skin,Error,Error
5.0,Doesn't Irritate My Skin,"A few months ago I got a vanity mirror that magnifies 5 times. Until then, I didn't know that I had a blackhead problem. I don't always have blackheads, so I don't use this every morning. But when I do notice blackheads, I use this for a few days until they are gone. The product is white and has a very fine grit to it. The grit scrubs away the blackheads. It does not hurt or irritate my skin. It doesn't take a lot for each use so it should last a while.",months ago got vanity mirror magnifies times didnt know blackhead problem dont always blackheads dont use every morning but notice blackheads use days gone product white very fine grit grit scrubs away blackheads not hurt irritate skin doesnt take lot use last,Error,Error
5.0,Doesn't Sting or Burn My Eyes!,"I am in my late 40's and started using anti-aging products a few years ago. Because I have been using products to work on wrinkles and younger looking skin regularly for the past few years, it's difficult to see new results. This eye cream is a nice creamy consistency. I don't notice any smell from it at all. I am able to apply this to the eye area of both of my eyes with just one dispense from the pump. It absorbs nicely into my skin and keeps my delicate eye skin well hydrated. One thing that I especially like is that it doesn't sting my eyes! I have ultra sensitive eyes and if I sweat, make up and skin care products will often get rubbed into my eyes. Some products cause them to sting or burn. We're having a hot summer here in Georgia and even with sweating, I have not had any issues with it stinging or burning. I've had to stop using some of my favorite beauty products in the past for that problem. I'm very happy with this eye cream so far!<br /><br />*I received this for free in exchange for my honest &amp; unbiased review. My thoughts &amp; opinions are my own.",late started using antiaging products years ago using products work wrinkles younger looking skin regularly past years difficult see new results eye cream nice creamy consistency dont notice smell able apply eye area eyes one dispense pump absorbs nicely skin keeps delicate eye skin well hydrated one thing especially like doesnt sting eyes ultra sensitive eyes sweat make skin care products often get rubbed eyes products cause sting burn hot summer georgia even sweating not issues stinging burning ive stop using favorite beauty products past problem im very happy eye cream fari received free exchange honest amp unbiased review thoughts amp opinions,Error,Error
4.0,Best Peeling Kit I've Tried So Far,"This is the 3rd peel foot mask that I have tried. The others have been unsuccessful. Still wanting to experience the foot peel, I tried again. The first thing that makes this foot peel better than the others is the foot slippers. The slippers are actually a medium thickness plastic. They remind me of the “rubber pants” that my little boy wore over his training underwear when he was 2 years old. These slippers also fit the best of the three that I have tried. I had problems with using the tape, but because my feet are on the larger end, they stayed in place well without it. I wear a size 10 W shoe and these fit my feet fine. They were not too tight nor did I have to stretch them to get them on. They were a little confusing to figure out. The directions said to “cut on the dotted line” but I couldn’t see any dotted line. The 2 slippers were attached together at the top. So I cut them apart and then I had to snip a little off the top to open up where my foot was to go inside. This foot peel has a somewhat pleasant scent. I was worried because one of the ingredients is vinegar and another is fermented milk. Those did not sound appealing at all. However, what I smelled was a combination of the ginger and the chamomile. The hardest thing about this whole process was carving out the time to do it. You have to soak your feet for 15-30 minutes before hand. Then you have to wear the foot booties for 70-90 minutes. Then soak for another 15 minutes afterwards. I’m a busy mom, so it’s hard to find that much free time. I've just started noticing some peeling, so already it's looking more successful than the other ones that I've tried.<br /><br />*I purchased these at a discounted price in exchange for my honest & unbiased review. My thoughts & opinions are my own.",rd peel foot mask tried others unsuccessful still wanting experience foot peel tried first thing makes foot peel better others foot slippers slippers actually medium thickness plastic remind rubber pants little boy wore training underwear years old slippers also fit best three tried problems using tape but feet larger end stayed place well without wear size w shoe fit feet fine not tight nor stretch get little confusing figure directions said cut dotted line but couldnt see dotted line slippers attached together top cut apart snip little top open foot go inside foot peel somewhat pleasant scent worried one ingredients vinegar another fermented milk not sound appealing however smelled combination ginger chamomile hardest thing whole process carving time soak feet minutes hand wear foot booties minutes soak another minutes afterwards im busy mom hard find much free time ive started noticing peeling already looking successful ones ive triedi purchased discounted price exchange honest unbiased review thoughts opinions,Error,Error
4.0,Fun to Use!,"My daughter and I discovered facial sheet masks over the summer and have become fans of them. They are easy and fun to use. This box of Anti-Aging sheet masks comes with 5 masks. Each mask is individually wrapped. When you open up a mask and remove it from the packing, you see that there are 2 layers. One is the sheet mask which is thin and papery like. The other is a plastic type material. The two layers are together, so I put both of them on my face. The other masks that I have used didn't have this plastic layer. I couldn't get it to lay flat on my skin very well, so I peeled the plastic layer off leaving just the paper one. This was what I was more familiar with. That layer was easy to mold to my face. The mask was very cold which felt refreshing. It's very wet - not to the point of dripping off my face, but enough that you want to spread it around more on the mask as it is on your face. It says to leave it on for 15-20 minutes. I opted for the lesser time because my coffee was ready & I didn't want to wait any longer for it! Then you are supposed to rub any left over &#34;goo&#34; (for a lack of a better word) into you skin. I accidently got a little into my eye, but it didn't burn or sting at all, which surprised me. I have very sensitive eyes and was expecting to feel some pain. I regularly use anti-aging products, plus I have only used one of these sheet masks so far, so I don't notice any difference to my skin, but I would definitely add this to my beauty routine.<br /><br />*I purchased these masks at a reduced price for the purpose of trying out & reviewing. My thoughts & opinions are my own.",daughter discovered facial sheet masks summer become fans easy fun use box antiaging sheet masks comes masks mask individually wrapped open mask remove packing see layers one sheet mask thin papery like plastic type material two layers together put face masks used didnt plastic layer couldnt get lay flat skin very well peeled plastic layer leaving paper one familiar layer easy mold face mask very cold felt refreshing very wet not point dripping face but enough want spread around mask face says leave minutes opted lesser time coffee ready didnt want wait longer supposed rub left goo lack better word skin accidently got little eye but didnt burn sting surprised very sensitive eyes expecting feel pain regularly use antiaging products plus used one sheet masks far dont notice difference skin but would definitely add beauty routinei purchased masks reduced price purpose trying reviewing thoughts opinions,Error,Error
4.0,Slight Fading of Burns So Far,"I burned my back of my hand in a couple of spots this past fall and have been using FLAWless for a short period of time to see if it helps lesson the appearance of those burns. First of all, I would say it's more of a gel than a cream. It's a tan color and is easy to rub into the skin. It doesn't leave behind any stickiness or residue. It also doesn't have much of a scent either. So far I *think* I might be seeing a little fading of my burn scars, but it's not very obvious. However, I am noticing that my freckles and age spots on the back of my hand are looking less noticeable and that's a welcome result. I am anxious to see what happens after continued use.<br /><br />*I  purchased this at a reduced price for the purpose of trying it out &amp; reviewing. My thoughts &amp; opinions are my own.",burned back hand couple spots past fall using flawless short period time see helps lesson appearance burns first would say gel cream tan color easy rub skin doesnt leave behind stickiness residue also doesnt much scent either far think might seeing little fading burn scars but not very obvious however noticing freckles age spots back hand looking less noticeable thats welcome result anxious see happens continued usei purchased reduced price purpose trying amp reviewing thoughts amp opinions,Error,Error
5.0,Looks Great!,"I am very happy with my Marrywindix acrylic organizer! I have limited counter space for my cosmetics and beauty products. Prior to ordering this organizer, I had all of my lipsticks & lip glosses shoved in a small drawer. Because they were over crowded, I had difficulties finding the ones that I wanted when I wanted them. Now I can easily see most of my lip products at a quick glance. The organizer is only 6 inches wide and 4 inches deep, so it doesn't take up a whole lot of counter space. The acrylic is sturdy & solid and is easy to clean. Recently I have been looking at acrylic organizers recently in my local stores and they seem to be over priced! This one is bargain!! My teenage daughter tried to claim this one from me, but since it is such a reasonable price, I will probably just go ahead & order her one, too.<br /><br />****Update - I ended up ordering another style of the Marrywindix acrylic organizer for my daughter. This one has drawers in addition to storage on top for brushes & bottles. She LOVES it! It is very well made and looks great! Each drawer comes with a liner to keep things nice and neat.<br /><br />*I received my acrylic organizer from Marrywindix for the purpose of trying out & reviewing. My thoughts & opinions are my own.",very happy marrywindix acrylic organizer limited counter space cosmetics beauty products prior ordering organizer lipsticks lip glosses shoved small drawer crowded difficulties finding ones wanted wanted easily see lip products quick glance organizer inches wide inches deep doesnt take whole lot counter space acrylic sturdy solid easy clean recently looking acrylic organizers recently local stores seem priced one bargain teenage daughter tried claim one but since reasonable price probably go ahead order one tooupdate ended ordering another style marrywindix acrylic organizer daughter one drawers addition storage top brushes bottles loves very well made looks great drawer comes liner keep things nice neati received acrylic organizer marrywindix purpose trying reviewing thoughts opinions,Error,Error
4.0,Fragrance Free!,"I am in my late 40's and always looking for new skin care products to help reduce the signs of aging, so when I was given the opportunity to purchase this serum at a discounted price in order to try it out, I was more than happy to do so. It is the first face serum that I have tried that has absolutely no scent or fragrance. It's a very thin consistency, like water. It took a couple of uses to figure out that I can't just pump a little bit on to my finger because it just rolls off. The absorption rate is pretty quick which I like. It's frustrating when you have to wait a few minutes for a serum to absorb into you skin so you can continue your skin care routine. I'm a busy mom & don't have a lot of time to just wait around!  I love the list of natural ingredients!!! I've only been using this for a couple of weeks. I'm not seeing any major improvements with my wrinkles and such, but I am noticing an overall improvement in the texture of my skin. I realize that it often takes longer with continued use before some improvements are noticeable. I'm enjoying it & will update my review after continued use.",late always looking new skin care products help reduce signs aging given opportunity purchase serum discounted price order try happy first face serum tried absolutely no scent fragrance very thin consistency like water took couple uses figure cant pump little bit finger rolls absorption rate pretty quick like frustrating wait minutes serum absorb skin continue skin care routine im busy mom dont lot time wait around love list natural ingredients ive using couple weeks im not seeing major improvements wrinkles but noticing overall improvement texture skin realize often takes longer continued use improvements noticeable im enjoying update review continued use,Error,Error
5.0,Blocks the Majority of the Light to Help You Sleep!,"I sleep better when I wear a sleep mask, so I use them regularly. When I was looking for a new one to replace my worn out one, I was given the opportunity to purchase this one at a discounted price so I could try it out. This is a nice, light weight sleeping mask. I've had one mask before that was super thick & padded, but it was actually more difficult to sleep with. Thicker is not always better! One side is satin and the side that is against your eyes is a soft, velour type fabric. The straps are a nice, thick elastic band which is adjustable with Velcro. I've purchased many sleeping masks which have a thin elastic band that is not adjustable at all. Those eventually get stretched out before the rest of the mask is worn out. This mask does a pretty good job of blocking the majority of the light. A little light can get through the area of the mask around the nose. I don't use ear plugs very often, but it's nice to have them handy when I do need them, so I don't have to fumble around my night stand looking for them.",sleep better wear sleep mask use regularly looking new one replace worn one given opportunity purchase one discounted price could try nice light weight sleeping mask ive one mask super thick padded but actually difficult sleep thicker not always better one side satin side against eyes soft velour type fabric straps nice thick elastic band adjustable velcro ive purchased many sleeping masks thin elastic band not adjustable eventually get stretched rest mask worn mask pretty good job blocking majority light little light get area mask around nose dont use ear plugs very often but nice handy need dont fumble around night stand looking,Error,Error
5.0,A Little Goes A Long Way!,"First of all, this is a generous amount of rosehip oil! I've been using it daily for about 2 weeks and I've barely put a dent in it. I've been using it on a burn scar that I have on my arm. The pump lid is easy to use & dispenses a nice amount of oil. One pump is enough for my scar. When I first used it, I was a little concerned, because it comes out a golden color, but when you rub it in, the color completely disappears. It does not leave my hands feeling greasy, which is very important to me. I've been keeping it on my nightstand and applying it at bedtime. If it left my hands feeling sticky or greasy, I would have to get up & wash them. There is a very light, natural scent - it kind of reminds me of a mild olive oil. It's only noticeable when I hold my arm right under my nose. My scar is beginning to diminish. It's still there, but it has faded a little bit. I'm excited to see what happens after more use! The skin around my scar is super soft.  I may start using this to moisturize this winter.",first generous amount rosehip oil ive using daily weeks ive barely put dent ive using burn scar arm pump lid easy use dispenses nice amount oil one pump enough scar first used little concerned comes golden color but rub color completely disappears not leave hands feeling greasy very important ive keeping nightstand applying bedtime left hands feeling sticky greasy would get wash very light natural scent kind reminds mild olive oil noticeable hold arm right nose scar beginning diminish still but faded little bit im excited see happens use skin around scar super soft may start using moisturize winter,Error,Error
5.0,Works great but is a tiny but bulky.,Needs the charging cord included in the package instead of sold separately.,needs charging cord included package instead sold separately,Error,Error
5.0,great clipper cleaner,"only 2 problems with this product--expensive and hard to get.  Even if it is the best, I'm switching back to the Oster cleaner",problems productexpensive hard get even best im switching back oster cleaner,Error,Error
5.0,Works very well,Works very well,works very well,Error,Error
4.0,Great price.,Love the colors,love colors,Error,Error
5.0,Adorable and soft headbands,"The headbands with the bow on top is soft and so cute, I use the headband everyday when I put on a mask. The other spa headbands holds pretty well too especially when your hair gets in your way when you wash your face in the sink.",headbands bow top soft cute use headband everyday put mask spa headbands holds pretty well especially hair gets way wash face sink,Error,Error
5.0,Perfect transaction by this seller,Perfect transaction by this seller. The products are awesome and I would definitely order this again. Great price as well..,perfect transaction seller products awesome would definitely order great price well,Error,Error
5.0,Very comfortable,The button locations are way off … but the quality of the headbands are great.,button locations way but quality headbands great,Error,Error
1.0,"cheap stuff... bumpy surface, paint is ...","cheap stuff... bumpy surface, paint is chipping off after one use. It's not worth printing a return label, or a drive to ups.",cheap stuff bumpy surface paint chipping one use not worth printing return label drive ups,Error,Error
2.0,I recommend this product to other customers,"I've worn this for 3 days, I'm a little disappointed the black paint had already started to chip off.",ive worn days im little disappointed black paint already started chip,Error,Error
4.0,Four Stars,I'm very happy with my order. Will order item again. I use it for my nail art .,im very happy order order item use nail art,Error,Error
5.0,My hairdresser recommended these and I love them!,"My hairdresser recommended my husband get and use one of these for his thinning hair to use to stimulate the scalp when washing his hair. He also uses it with a rose water spray daily and within six months we have noticed a huge change in the thickness of his hair. I use mine too when I shampoo although I already have incredibly thick hair, and I too have noticed a difference. It also gives a nice lift at the roots too for any ladies with flat hair ( that is why my hairdresser uses them on herself).<br /><br />Great little pack of two. Almost like a his n' hers. Easy to use due to the grip and easy to pull apart and clean. Had ours a while now and still like new. Really great product and super price considering other places on the internet are selling these exact ones at $40 a piece! Pick up a bargain from Amazon.",hairdresser recommended husband get use one thinning hair use stimulate scalp washing hair also uses rose water spray daily within six months noticed huge change thickness hair use mine shampoo although already incredibly thick hair noticed difference also gives nice lift roots ladies flat hair hairdresser uses herselfgreat little pack two almost like n easy use due grip easy pull apart clean still like new really great product super price considering places internet selling exact ones piece pick bargain amazon,Error,Error
4.0,good for the price!,"I'm not a big fan on the top but you could always just cover that with a beanie or a hat. But overall it's really nice looking, super soft, correct length and everything. would but again.",im not big fan top but could always cover beanie hat but overall really nice looking super soft correct length everything would but,Error,Error
5.0,Love this Deli-Style Schar bread!,"At last, gluten-free deli bread! There are a few good gluten-free breads made without wheat, but they just don't have the flavor of this deli-style bread with sour dough in the ingredient list. This is the first on the market that I know of and it is delicious.There are 5 large deli size slices in a package. I find that a half slice for an open-face sandwich is just the right amount for me. For those of us in the gluten-free community, a deli-style bread is the bread most missed. This Schar bread is expensive but worth every penny! P.S. To follow up on this earlier review, Schar has reduced the size of the deli-style slices to about 2/3 of the original size, AND increased the price! I will still buy this bread, but with a heavy heart!",last glutenfree deli bread good glutenfree breads made without wheat but dont flavor delistyle bread sour dough ingredient list first market know deliciousthere large deli size slices package find half slice openface sandwich right amount us glutenfree community delistyle bread bread missed schar bread expensive but worth every penny ps follow earlier review schar reduced size delistyle slices original size increased price still buy bread but heavy heart,Error,Error
5.0,Excellent Odor-free Nail Polish Remover,"I have been using Nutra Nail odor-free nail polish remover for well over a year. It is an amazing product, as it has an oil base that is non-drying to the nails. My local Publix is no longer carrying it and I was so thankful to have found it on Amazon. The ""cons"" are that the Amazon display shows two bottles of the product, which is what I expected to receive in my order. E-mail confirmation of my Amazon order is for 4 oz of product, a big disappointment! I hope that Amazon will correct the display so that customers are not expecting two bottles of Nutra Nail Odor-Free Nail Polish Remover!",using nutra nail odorfree nail polish remover well year amazing product oil base nondrying nails local publix no longer carrying thankful found amazon cons amazon display shows two bottles product expected receive order email confirmation amazon order oz product big disappointment hope amazon correct display customers not expecting two bottles nutra nail odorfree nail polish remover,Error,Error
5.0,Gorgeous,This is super holographic. Love it. Also it dries fast. Obsessed with this color.,super holographic love also dries fast obsessed color,Error,Error
5.0,Works!,This is really really good. Best I’ve ever used by far.,really really good best ive ever used far,Error,Error
1.0,Got Halloween makeup kit damaged \],"I read the description and thought this was something different than it was.  I DID get what I ordered, but it is damaged and the package is open, with paint leaking.  I think this happened prior to it being packed for my order because the packing seemed fine between shipper and me. Scared will have bacteria so not using.  Not what I'd hoped to get regardless but cute halloween makeup kit and I assume there are stencils in there somewhere.  I don't want to open it due to obvious paint leaking inside.  Don't trust manufacturing",read description thought something different get ordered but damaged package open paint leaking think happened prior packed order packing seemed fine shipper scared bacteria not using not id hoped get regardless but cute halloween makeup kit assume stencils somewhere dont want open due obvious paint leaking inside dont trust manufacturing,Error,Error
5.0,love it!,"I use this everyday, love it!",use everyday love,Error,Error
5.0,Seems good,Seems good but have been too nervous to test it out. Will update once I do.,seems good but nervous test update,Error,Error
5.0,Nice lip gloss,This is a great lip gloss that feels very light on but also has a good amount of pigment to it. The shade I got is nice and neutral. It makes lips soft. It doesn’t last too long but expected with a more natural product.,great lip gloss feels very light but also good amount pigment shade got nice neutral makes lips soft doesnt last long but expected natural product,Error,Error
5.0,Works great,Great shampoo and conditioner set. Smells great and leaves hair feeling clean and soft. I like this brand and have used it in the past. Seems to be great quality.,great shampoo conditioner set smells great leaves hair feeling clean soft like brand used past seems great quality,Error,Error
5.0,Work well for light hold,This is much faster and less messy than using the cream. Quick any easy. Not the longest hold but good for a few hours. Not much of any smell to it which is probably better. Some of these wax's are way too fragrant.,much faster less messy using cream quick easy not longest hold but good hours not much smell probably better waxs way fragrant,Error,Error
5.0,Works great,Great soap with mild natural scent. Works great on my sensitive skin. Leaves it soft and clean and doesn’t dry it out.,great soap mild natural scent works great sensitive skin leaves soft clean doesnt dry,Error,Error
5.0,Works great,Great quality soap! So many good ingredients that are good for skin and hydrating not drying. Smells great and skin feels clean and soft after. Highly recommend.,great quality soap many good ingredients good skin hydrating not drying smells great skin feels clean soft highly recommend,Error,Error
4.0,Prefer fingers,These are so popular and I was excited to try but I don’t feel like it did it for me. It was hard to get down to my scalp and move around. Felt much easier to just use my fingers. Maybe I need to practice more of try a different massager. They seem well made though and look just like the picture.,popular excited try but dont feel like hard get scalp move around felt much easier use fingers maybe need practice try different massager seem well made though look like picture,Error,Error
5.0,Nice hair wraps,Great hair wraps that help dry hair faster than a regular towel. I like the different colors and they seem to be great quality.,great hair wraps help dry hair faster regular towel like different colors seem great quality,Error,Error
5.0,Small but Works great,Tiny waver that works great to make smaller sized waves. Heats quickly and makes waves quickly. Only took a few minutes to do all of my daughters hair.  I only do a top layer of hair and around the face. Find that it looks less poofy this way. Seems well made and good quality.,tiny waver works great make smaller sized waves heats quickly makes waves quickly took minutes daughters hair top layer hair around face find looks less poofy way seems well made good quality,Error,Error
5.0,Fun Wig,Our girls love to play with this wig. Easy to put on and comes with a wig cap. Looks real.,girls love play wig easy put comes wig cap looks real,Error,Error
3.0,Don’t grab well,"These look like nice tweezers, similar in look to tweezerman tweezers but for some reason they don’t grip hairs very well and are very annoying for me. They seem to match up perfectly at the end so not sure why they don’t grab well. Will use as backups or keep in purse or car.",look like nice tweezers similar look tweezerman tweezers but reason dont grip hairs very well very annoying seem match perfectly end not sure dont grab well use backups keep purse car,Error,Error
5.0,Great oils,Great set of oils that are great to use as is or when making other products. I used the coconut oil in a roller ball with some tea tree and clove oil for a rash and it works great. They are both have no scent.,great set oils great use making products used coconut oil roller ball tea tree clove oil rash works great no scent,Error,Error
5.0,Works great,Great set of hair items. Would make a nice gift. Works as described. The material is extremely plush and soft and feels luxurious to wear.,great set hair items would make nice gift works described material extremely plush soft feels luxurious wear,Error,Error
4.0,Works well,Decent shampoo. I used it alone without conditioner so I could see how it worked and it seemed to clean my hair well and leave it manageable. The scent is ok as well. While I didn’t notice anything negative there wasn’t anything that stood out to me to buy it again.,decent shampoo used alone without conditioner could see worked seemed clean hair well leave manageable scent ok well didnt notice anything negative wasnt anything stood buy,Error,Error
5.0,Works great,I have been wanting to try these food peels. I was nervous to try but after reading some of the other reviews I finally did and am glad I did. Followed directions and my feet started to peel the next day. No bad reactions or problems. I didn’t use the included tool. Soaking your feet each day helps with the peeling process.,wanting try food peels nervous try but reading reviews finally glad followed directions feet started peel next day no bad reactions problems didnt use included tool soaking feet day helps peeling process,Error,Error
5.0,Great polishes,"Great set of nail polishes. My daughter and granddaughter both liked them and thought they were great quality. Nice colors, go on smooth and dry quick. Don’t chip easily and Last as long as other quality polishes.",great set nail polishes daughter granddaughter liked thought great quality nice colors go smooth dry quick dont chip easily last long quality polishes,Error,Error
4.0,Gel sunscreen,"Interesting sunscreen. Has a clear gel  consistency, goes and smooth and easily. Rubs in great and dries quickly, smells first of running alcohol and then berry. Seems to be effective in preventing sunburns.",interesting sunscreen clear gel consistency goes smooth easily rubs great dries quickly smells first running alcohol berry seems effective preventing sunburns,Error,Error
4.0,Works great,"This is a nice cordless, travel size waterpik. It has good power for not being a regular waterpik. Some other cordless ones I’ve tried haven’t had the same power. This comes with a variety of tips. Is easy to fill and use. Has different settings and power levels. Charges via a usb cable.",nice cordless travel size waterpik good power not regular waterpik cordless ones ive tried havent power comes variety tips easy fill use different settings power levels charges via usb cable,Error,Error
4.0,Works well,Works well. Pain free. Easy to use. Requires 1 AA battery which is not included.,works well pain free easy use requires aa battery not included,Error,Error
4.0,Seems good,"From my daughter: I like that you can use this product in a variety of ways, when hair is wet as a leave in conditioner, when hair is dry to protect it from heat styling or after it is styled to add shine. I put some on my hair after I straightened it and it seemed to work well to tame frizz and add shine. It has a light scent that isn't overpowering.",daughter like use product variety ways hair wet leave conditioner hair dry protect heat styling styled add shine put hair straightened seemed work well tame frizz add shine light scent isnt overpowering,Error,Error
4.0,Works well to straighten,"This flat iron works well to straighten hair, but I couldn't get it to curl very well like other straighteners I have. It is easy to use and the red light on the dial turns green when it is ready which is nice.",flat iron works well straighten hair but couldnt get curl very well like straighteners easy use red light dial turns green ready nice,Error,Error
4.0,Works well,"Clippers work well. I prefer to use them without the plastic catcher that is attached, but it easily comes off. Nice travel case that includes a nail file. Clippers are very sharp and cut efficiently and smoothly.",clippers work well prefer use without plastic catcher attached but easily comes nice travel case includes nail file clippers very sharp cut efficiently smoothly,Error,Error
5.0,Great shampoo,"From my daughter: I usually buy Dove, Pantene or Tresemme shampoo. I haven't tried this particular tresemme before, but I really like it. It works great like the other varieties I have tried. This particular one smells like coconut, but not overly artificial or perfume-y. The shampoo works great, leaves hair clean, but not dried out and the conditioner works perfectly leaving hair soft and manageable but not greasy and weighed down.",daughter usually buy dove pantene tresemme shampoo havent tried particular tresemme but really like works great like varieties tried particular one smells like coconut but not overly artificial perfumey shampoo works great leaves hair clean but not dried conditioner works perfectly leaving hair soft manageable but not greasy weighed,Error,Error
5.0,A must have!,Not greasy or filmy!<br />Love the look and feel of this lightweight moisturizer! Don’t use too much!<br />Skin feels amazing every morning when I wake up!,not greasy filmylove look feel lightweight moisturizer dont use muchskin feels amazing every morning wake,Error,Error
5.0,Wow! Amazing!,"I have been using this mascara for about 2 months now and I am in awe at the difference in my lashes. And I’ve used it all! I’ve tried so many types of mascara even went thru falsies, extensions. And I love this product. It lengthens, plumps, and makes my lashes LOOK healthier. I highly recommend!",using mascara months awe difference lashes ive used ive tried many types mascara even went thru falsies extensions love product lengthens plumps makes lashes look healthier highly recommend,Error,Error
5.0,Obsessed and soooo moisturizing!,"These along with their other scents (I love the blue ones too) are a must. I’m a face mask and product collector, I have so many masks but these are my top sheet masks for sure!!",along scents love blue ones must im face mask product collector many masks but top sheet masks sure,Error,Error
5.0,Amazing,Best stuff ever. My skin was so soft afterwards,best stuff ever skin soft afterwards,Error,Error
3.0,Try them at your own risk,I'm having a hard time but maybe it's me😏,im hard time but maybe,Error,Error
5.0,Makeup brushes,Great for the price,great price,Error,Error
5.0,Easy to use!,Great price and product!,great price product,Error,Error
5.0,Worth buying! Love them.,"Easy to use, long lasting. Love them.",easy use long lasting love,Error,Error
5.0,Good Product,Good Product,good product,Error,Error
5.0,Fragrant Bouquet,Excellent Product. Pleasing Bouquet That Lingers Well. Softens My Skin. Love This Product & Brand.,excellent product pleasing bouquet lingers well softens skin love product brand,Error,Error
5.0,Five Stars,Doesn't burn the eyes,doesnt burn eyes,Error,Error
2.0,Not as good as before,OK at best.  The teeth bend and break in my pocket.  That never happened with previous Ace combs.  They're making them cheaper.,ok best teeth bend break pocket never happened previous ace combs theyre making cheaper,Error,Error
3.0,Shoulder Length Hair - doesn't work well,"I purchased this for my shoulder length hair. It's very difficult to use, would be best used on longer hair. It's a bit hard to wind the hair around this iron when it's my length.",purchased shoulder length hair very difficult use would best used longer hair bit hard wind hair around iron length,Error,Error
3.0,Three Stars,Not what I expected in a scrub.,not expected scrub,Error,Error
5.0,Five Stars,Great quality,great quality,Error,Error
5.0,Nice,Not as shiny as I was hoping but overalls I still love it!,not shiny hoping but overalls still love,Error,Error
3.0,Three Stars,Cute little earings,cute little earings,Error,Error
5.0,Many many many,Love the colors and the fact it’s many of them!,love colors fact many,Error,Error
1.0,My hair is falling out!  DON’T get it!,Don’t get it!  My hair is falling out!  PLEASE google and research these products!  My hair has been falling out from the roots for 4 weeks now!  I’ve lost about a third of my hair so far and it’s still falling out!!!,dont get hair falling please google research products hair falling roots weeks ive lost third hair far still falling,Error,Error
4.0,Gift to a young Family member. They real like the item.,Gift to a young Family member. They real like the item.,gift young family member real like item,Error,Error
4.0,"Nice not thick, absorbs.","I’m using this XXI vitamin C cream with the firming cream.<br />My face feels smoother, and not breaking out using both of them.<br />This cream is not real  thick, and absorbs well.<br />I use a little light make up and it goes on smooth over this, then use blush.<br /><br />I like this, but not noticing a major difference.<br />I’m a older women.",im using xxi vitamin c cream firming creammy face feels smoother not breaking using themthis cream not real thick absorbs welli use little light make goes smooth use blushi like but not noticing major differenceim older women,Error,Error
4.0,"Nice scent, left my hair soft.","The TRESemme’ Shampoo and Conditioner has a very nice scent to it.<br />Before using the shampoo shake the bottle..The shampoo is more like a gel, but did lather up.<br />The Conditioner left my hair shinny, and smooth..",tresemme shampoo conditioner very nice scent itbefore using shampoo shake bottlethe shampoo like gel but lather upthe conditioner left hair shinny smooth,Error,Error
3.0,Too soft,Not good for getting out tangles,not good getting tangles,Error,Error
3.0,Bottom slides around,It is a nice grip for my clippers but the bottom slides around so what's the big idea!,nice grip clippers but bottom slides around whats big idea,Error,Error
5.0,A Great Product,"I bought one and after trying it, I bought three more so I would always have one handy.",bought one trying bought three would always one handy,Error,Error
5.0,Amazing item.,"Very well made,good quality and very good color.",very well madegood quality very good color,Error,Error
5.0,Big Bottle of Acetone-Based Nail Polish Remover,"Like other nail polish removers, this MOUNTAIN FALLS REGULAR NAIL POLISH REMOVER (for Natural Nails with Vitamin E and Panthenol, 16 Fluid Ounce) is mostly acetone.  It smells like all the other nail polish removers that I’ve tried, and works like them, too.<br /><br />I use nail polish remover to take gummy stuff off my hands and other things.  If you use it this way, it’s important to remember that it can damage synthetic fabrics, wood finishes, and plastic.  Also, when using or storing it, remember that it’s highly flammable, and should NOT be used or stored near fire, flames, or heat.  (See my photo of the bottle label, with all the warnings.)<br /><br />The big 16-oz. bottle is equivalent to two of the regular-size bottles (e.g., [[ASIN:B004X8IFEI Sally Hansen Nail Polish Remover]]) that you find at local grocery and drug stores.",like nail polish removers mountain falls regular nail polish remover natural nails vitamin e panthenol fluid ounce mostly acetone smells like nail polish removers ive tried works like tooi use nail polish remover take gummy stuff hands things use way important remember damage synthetic fabrics wood finishes plastic also using storing remember highly flammable not used stored near fire flames heat see photo bottle label warningsthe big oz bottle equivalent two regularsize bottles eg asinbxifei sally hansen nail polish remover find local grocery drug stores,Error,Error
5.0,"Electric Toothbrush, Electric Flosser Are Real Deal","This PHILIPS SONICARE ESSENCE+ TOOTHBRUSH & AIRFLOSS ELECTRIC FLOSSER (Value Bundle) is the real deal.  The sonic toothbrush gets your teeth cleaner than a manual toothbrush, because of the vibrating brush head and the 2-minute timer that tells you when you’ve brushed long enough.  A nice feature is that the color on the brush head bristles fades to let you know that the brush head is worn out and needs replacing.<br /><br />The electric flosser works really well--maybe not quite as well as string floss, but it’s definitely better than poking into gaps between teeth with a toothpick on a handle.  The flosser is good for cleaning under my bridge, which needs to be kept really clean to prevent gum irritation and swelling.",philips sonicare essence toothbrush airfloss electric flosser value bundle real deal sonic toothbrush gets teeth cleaner manual toothbrush vibrating brush head minute timer tells youve brushed long enough nice feature color brush head bristles fades let know brush head worn needs replacingthe electric flosser works really wellmaybe not quite well string floss but definitely better poking gaps teeth toothpick handle flosser good cleaning bridge needs kept really clean prevent gum irritation swelling,Error,Error
5.0,Fantastic!,These are GREAT! Individually packaged in the box. Don't absorb product. Easy product application. Love them!,great individually packaged box dont absorb product easy product application love,Error,Error
2.0,Still have stretch marks,Have yet to notice any change have been using this product for awhile now,yet notice change using product awhile,Error,Error
2.0,"Lotion-zip, too heavily scented, lip balm excellent!",I received this gift set for Christmas. My husband ordered it from Amazon. The lip balm gets 5 stars! It’s my favorite. The lotion is such a strong offensive scent that I cannot wear it. I haven’t tried the little bottle yet since the lotion is so heavily scented.,received gift set christmas husband ordered amazon lip balm gets stars favorite lotion strong offensive scent cannot wear havent tried little bottle yet since lotion heavily scented,Error,Error
3.0,Typical exfolient,"Whats all the hype about? Its no different than any other exfoliator i've tried.  The reviews sold me the product... Nice job<br />It's worth it, I though, experienced no Magic",whats hype no different exfoliator ive tried reviews sold product nice jobits worth though experienced no magic,Error,Error
3.0,Minimize viral risk,Gift for vulnerable family members.<br />Gift was well received and appreciated.<br />Hopefully these will be used to minimize my loved ones risk of catching COVID19,gift vulnerable family membersgift well received appreciatedhopefully used minimize loved ones risk catching covid,Error,Error
5.0,Very Good Replacement Value,Work and fit like the originals at MUCH less cost. I'm sold!,work fit like originals much less cost im sold,Error,Error
5.0,Fantastic!,I bought this for a great nice for a gift and she loved it. Smell fantastic as well as moisturizing? Great price!,bought great nice gift loved smell fantastic well moisturizing great price,Error,Error
3.0,Product to thick,"The product was okay a little to thick to try and wear made my eyes feel uncomfortable a bit to heavy for my liking, l like them thick yet light and easy to apply these were a little difficult staying glued",product okay little thick try wear made eyes feel uncomfortable bit heavy liking l like thick yet light easy apply little difficult staying glued,Error,Error
3.0,I left a negative review earlier,I promised to retract the negative review once I received the product.  Thank you,promised retract negative review received product thank,Error,Error
3.0,This fragrance is neither offensive nor enticing; it is very subtle & lasts a few hours,I wish I loved this. This is a nicely packaged perfume in an attractive bottle with a gold-colored tassel hanging from the side. The scent is neither offensive nor enticing. I can't even describe what it smells like. It is so very subtle but it lasts a few hours.<br /><br />The current price of $44.99 ($49.99 minus $5) is competitively priced for perfume like this but it is not one I would order again as I have to really love it to pay that much.,wish loved nicely packaged perfume attractive bottle goldcolored tassel hanging side scent neither offensive nor enticing cant even describe smells like very subtle but lasts hoursthe current price minus competitively priced perfume like but not one would order really love pay much,Error,Error
4.0,Typical thin and slinky silk scrunchies,"There are six silk scrunchies in this package in different basic colors. They are thin and slinky and are typical of what I expect of silk holders.<br /><br />These hold my hair well but as is expected of silk, can easily slide out. These are best on long hair because the potential to slide off is not as great. I personally prefer velvet scrunchies to these silk ones because they are ""beefier"" looking. However, for those who want the elegance of silk, then this delivers.<br /><br />The current price of $20.79 ($25.99 minus 20%) comes to $3.47 per band which is competitively priced for 100% Mulberry silk items like these.",six silk scrunchies package different basic colors thin slinky typical expect silk holdersthese hold hair well but expected silk easily slide best long hair potential slide not great personally prefer velvet scrunchies silk ones beefier looking however want elegance silk deliversthe current price minus comes per band competitively priced mulberry silk items like,Error,Error
3.0,The cream is blue but goes on clear; it is very hydrating; looks like ½ a jar,"The photo on Amazon must be wrong. This cream is blue and not white. I hate colored creams. However, this goes on clear and was so super hydrating to my face, that I did not mark it down for the color. Note that the box it came in was all smashed and it was almost double the size of the jar. They could have fit almost two jars of this in the box. In addition, the cream in the jar looks half full.<br /><br />I love the results but not the packaging or the color or the jar being half full.<br /><br />The current price of $15.99 for 1.69 fluid ounces is competitive. NOTE THE SIZING (.05 fluid ounces) SPECIFIED ON AMAZON is wrong too.",photo amazon must wrong cream blue not white hate colored creams however goes clear super hydrating face not mark color note box came smashed almost double size jar could fit almost two jars box addition cream jar looks half fulli love results but not packaging color jar half fullthe current price fluid ounces competitive note sizing fluid ounces specified amazon wrong,Error,Error
4.0,"Thick, fragrance-free diaper cream; absorbs in about 30 seconds","The flip top cap has a tab on it that has to be pulled before dispensing this. The cream is very thick and reminds me of Elmer's glue. It is scentless and takes about 30 seconds to absorb. After that the skin is fully hydrated and protected. For the current price of $11.99, this is decent diaper rash cream.",flip top cap tab pulled dispensing cream very thick reminds elmers glue scentless takes seconds absorb skin fully hydrated protected current price decent diaper rash cream,Error,Error
3.0,Good detangling comb for the right pet; handle could be thicker; my cats hate this - 2.5 stars,"I love the tines on this long and short detangling comb.The only thing I do not like is the thin handle. I would have preferred a thick silicone handle so that I could get a better grip. The tines are strong and the spacing allows it to work very well BUT there are issues. <br /><br />I have three long-haired cats and unfortunately, my cats do no like this as it really pulls at their hair. Therefore, I have mixed feelings about this comb. On one hand, it detangles and gets out a lot of hair but on the other, my cats want to bite me when using it. I love how it works but not their response.",love tines long short detangling combthe thing not like thin handle would preferred thick silicone handle could get better grip tines strong spacing allows work very well but issues three longhaired cats unfortunately cats no like really pulls hair therefore mixed feelings comb one hand detangles gets lot hair but cats want bite using love works but not response,Error,Error
3.0,Light-weight cream that is a bit tacky to start; slightly moisturizing once absorbed; scentless,"This comes in a one gallon jug. There are two negatives to me. First, the biggest negative is that it takes work to dispense the lotion. Second, this lightweight lotion goes on tacky and takes a few minutes to absorb. Once absorbed, however, it is lightly moisturizing and it leaves my skin soft.<br /><br />This is vegan per the bottle and the lotion is scentless. My favorite lotion is [[ASIN:B09HYPWMKG Ginger Lily Farms Pure Morocco Argan Oil Butter Lotion]]. That is perfect for a massage as well. It has a fragrance and is cruelty-free but not vegan.<br /><br />This is decent but the initial tackiness I dislike. The current price of $54.99 for 128 ounces comes to $.43 per ounce, which is almost double the price of the lotion I love.",comes one gallon jug two negatives first biggest negative takes work dispense lotion second lightweight lotion goes tacky takes minutes absorb absorbed however lightly moisturizing leaves skin softthis vegan per bottle lotion scentless favorite lotion asinbhypwmkg ginger lily farms pure morocco argan oil butter lotion perfect massage well fragrance crueltyfree but not veganthis decent but initial tackiness dislike current price ounces comes per ounce almost double price lotion love,Error,Error
2.0,Not totally easy clean brush & tines do not pull through all the way,"I used this on my three long-haired cats and it picked up some hair. Since the surface area of the brush is small, there is not much hair that is picked up compared to other brushes. Also, I tried several of these types of brushes and this one is not as easy to clean as the others. The way this is supposed to work is to retract the bristles with the button and the hair that remains on top can be slid off. Since the tines do not retract fully on the top part of the brush, the hair does not slide off easily. Instead, I have to pick it off.<br /><br />Note that this is for long-haired pets only; I would not use this with a pet with short hair. I have three long-haired cats and even though this works some, I am not impressed for the two reasons I mentioned above. My favorite brush like this is [[ASIN:B09RH8FMMS this one]].<br /><br />The current price of $20.99 is outrageous for this as it is about $10 to $12 more than others of better or similar quality.",used three longhaired cats picked hair since surface area brush small not much hair picked compared brushes also tried several types brushes one not easy clean others way supposed work retract bristles button hair remains top slid since tines not retract fully top part brush hair not slide easily instead pick offnote longhaired pets would not use pet short hair three longhaired cats even though works not impressed two reasons mentioned favorite brush like asinbrhfmms onethe current price outrageous others better similar quality,Error,Error
3.0,Great medium-density blenders; flat angle is perfect for smooth applications; bad pricing on pkg,"This is a nice set of five individually wrapped pink-colored blending sponges all with an angled side. I love the sponges as they are of medium-density.<br /><br />The flat / angled side is great for smooth applications. They feel good in my hands, blend well, and feel soft against my skin. Since these are of medium density, they do not soak up as much foundation as others that are more airy. I also love that the sponges do not smell. I tried other colored sponges and they smell like pencil shavings or other chemicals and these do not.<br /><br />These blenders make a great gift for the make-up obsessed. These would have been perfect as gifts for the Easter Basket or as a stocking stuffer because each comes in their own package EXCEPT for the negative issue I mention below.<br /><br />There is one big negative, however. Each package is marked with a price of $1.55 each. Unfortunately, at the current price of $9.95, it comes to $1.99 per sponge which is $.44 cents more than the price marked. Therefore, I cannot recommend these if they are being used for resale or as stocking stuffers or Easter basket gifts because the price is actually more than it says on the package.",nice set five individually wrapped pinkcolored blending sponges angled side love sponges mediumdensitythe flat angled side great smooth applications feel good hands blend well feel soft against skin since medium density not soak much foundation others airy also love sponges not smell tried colored sponges smell like pencil shavings chemicals notthese blenders make great gift makeup obsessed would perfect gifts easter basket stocking stuffer comes package except negative issue mention belowthere one big negative however package marked price unfortunately current price comes per sponge cents price marked therefore cannot recommend used resale stocking stuffers easter basket gifts price actually says package,Error,Error
4.0,Beautiful compact mirror w/high-gloss shine; nice tray; okay case all w/an inspirational verse,"This is a nice set. It contains a beautiful compact mirror with regular and close-up mirrors on the inside. Both mirrors are small but functional. It is fashioned like a pocket watch. The clasp is solid and the finish is high-gloss like the interior mirror itself.<br /><br />The saying (see below) on the outside of both sides of the mirror is inspirational. It says ""Beautiful girl you can do amazing things.""<br /><br />There is also a small dish for jewelry and a very cheap make-up case all with the same inspirational verse.<br /><br />In summary, this is a nice gift set. The current price of $20.89 ($21.99 minus 5%) is competitive.",nice set contains beautiful compact mirror regular closeup mirrors inside mirrors small but functional fashioned like pocket watch clasp solid finish highgloss like interior mirror itselfthe saying see outside sides mirror inspirational says beautiful girl amazing thingsthere also small dish jewelry very cheap makeup case inspirational versein summary nice gift set current price minus competitive,Error,Error
5.0,These bandages have many uses; sticks to itself and not to skin or fur; not only tattoo grip tape,"These bandages have many uses. There are 16 black rolls that are individually wrapped and each roll is 5 yards apiece and 2 inches tall. These self-adhere as the bandage is wrapped around a hand, leg, arm, etc. These stick well. The stretch allows this to be used like kinesiology tape with the exception that one cannot shower with this successfully and each wrap is for one-time use.<br /><br />The entire roll does not have to be used at once as it depends on the amount needed. When used where joints open and close, such as a knee or elbow, the wrap may bunch up in the crease as expected. However, this is perfect to use as a lightweight version of a carpal tunnel brace by wrapping it around a bad wrist, hand, and thumb. It does not stick to my skin nor to a pet's fur, which is wonderful.<br /><br />This is versatile enough to wrap around the handle of a tennis racquet to get a good grip or an umbrella or cane handle. There are just so many useful possibilities besides medical reasons.<br /><br />In summary, because the wraps are two inches wide and are not designed to stick to the skin, it does have a tendency to bunch up if wrapped around a knee or elbow, so it is not perfect for everything. I feel these are great bandages to have in one's medicine cabinet. At the current price of $15.19 ($15.99 minus 5%) it comes to $.95 cents per roll which is on the high side of competitively priced. These are self-adhesive bandages rebranded as tattoo grip tape.",bandages many uses black rolls individually wrapped roll yards apiece inches tall selfadhere bandage wrapped around hand leg arm etc stick well stretch allows used like kinesiology tape exception one cannot shower successfully wrap onetime usethe entire roll not used depends amount needed used joints open close knee elbow wrap may bunch crease expected however perfect use lightweight version carpal tunnel brace wrapping around bad wrist hand thumb not stick skin nor pets fur wonderfulthis versatile enough wrap around handle tennis racquet get good grip umbrella cane handle many useful possibilities besides medical reasonsin summary wraps two inches wide not designed stick skin tendency bunch wrapped around knee elbow not perfect everything feel great bandages ones medicine cabinet current price minus comes cents per roll high side competitively priced selfadhesive bandages rebranded tattoo grip tape,Error,Error
5.0,I love these dense blenders & their flat angle which is perfect for smooth applications,"This is a nice set of 10 colored blending sponges all with an angled side. I love the sponges as they are dense.<br /><br />The flat / angled side is great for smooth applications. They feel good in my hands, blend well, and feel soft against my skin. Since these are dense, they do not soak up as much foundation as others that are more airy.<br /><br />These blenders make a great gift for the make-up obsessed. These are also perfect as gifts for the Easter Basket or as a stocking stuffer. I love that the sponges do not smell. I tried other colored sponges and they smell like pencil shavings or other chemicals and these do not.<br /><br />At the current price of $8.49 ($9.99 minus 15%) these are a reasonable $.85 per sponge.",nice set colored blending sponges angled side love sponges densethe flat angled side great smooth applications feel good hands blend well feel soft against skin since dense not soak much foundation others airythese blenders make great gift makeup obsessed also perfect gifts easter basket stocking stuffer love sponges not smell tried colored sponges smell like pencil shavings chemicals notat current price minus reasonable per sponge,Error,Error
4.0,Love the angles on this blender sponge; since it is dense liquid foundation does not absorb easily,"This is a lovely blender sponge. I love that this is dense because it does not absorb liquid foundation as some other less dense sponges I tried previously<br /><br />What attracted me to this the most are the angles.The two flat sides are great for smooth applications. The tip is great for more precision, such as around the eye. The round ends are good for blending or any large make-up application.<br /><br />This feels good to hold, blends well, and feels soft against my skin.  Also, the sponge does not smell.<br /><br />In summary, this blender makes a great gift for the make-up obsessed. The only reason I rated this 4 stars instead of 5 is because of the price. The current price of $7.50 is on the pricey side. I tried other blenders of this quality that sell for less than half this price when purchased in a pack of three or more. For instance this [[ASIN:B08QCJ3DF7 set]] currently sells for $2.50 per sponge as there are 4 sponges for $9.99. Even though all the angles are not in one sponge, the functionality is still there and they are dense, which I like.",lovely blender sponge love dense not absorb liquid foundation less dense sponges tried previouslywhat attracted anglesthe two flat sides great smooth applications tip great precision around eye round ends good blending large makeup applicationthis feels good hold blends well feels soft against skin also sponge not smellin summary blender makes great gift makeup obsessed reason rated stars instead price current price pricey side tried blenders quality sell less half price purchased pack three instance asinbqcjdf set currently sells per sponge sponges even though angles not one sponge functionality still dense like,Error,Error
3.0,Cute MOM gift but not as fragrant or impressive as I expected,"[[VIDEOID:f77804a8088c40dfbef6fdcfacf8b15a]] There are three individually wrapped bath bombs in this set along with one bar of hand soap and a package of dried rose petals. In total there are five items. The bath bombs spell MOM with the heart substituting for the letter O.<br /><br />The outside packaging looks giftable but the inside is just an ordinary uninspiring throw-away box. The fragrance of the bombs and soap is hardly noticeable. It has a whisper of rose aroma and I detect no lavender at all. I did try the letter M bomb in a hand bath and it dissolved in 5 minutes in lukewarm water and a nice foam of suds lasted about 10 minutes. The results initially felt moisturizing because my hands felt a little oily after the hand bath; however, eventually I needed to moisturize my hands with lotion.<br /><br />With regard to the dried petals, one has to like something like that in their bath because it requires straining the water so that they don't go down the drain. For me, I would never use petals in a bath, so keep the recipient in mind when ordering this.<br /><br />The bar of soap is the only item that would be used by most people.<br /><br />One thing I love is that the color of the dissolved bomb did not adhere to my skin, my hand bath, or my towel. That is not always the case with bath bombs today.<br /><br />The current price of $9.74 ($12.99 minus 25%) comes to $1.95 per item which is reasonable.",videoidfacdfbeffdcfacfba three individually wrapped bath bombs set along one bar hand soap package dried rose petals total five items bath bombs spell mom heart substituting letter othe outside packaging looks giftable but inside ordinary uninspiring throwaway box fragrance bombs soap hardly noticeable whisper rose aroma detect no lavender try letter bomb hand bath dissolved minutes lukewarm water nice foam suds lasted minutes results initially felt moisturizing hands felt little oily hand bath however eventually needed moisturize hands lotionwith regard dried petals one like something like bath requires straining water dont go drain would never use petals bath keep recipient mind ordering thisthe bar soap item would used peopleone thing love color dissolved bomb not adhere skin hand bath towel not always case bath bombs todaythe current price minus comes per item reasonable,Error,Error
3.0,"Gorgeous, heavy, and also fragile but must be for those w/thick long hair","This is a work of art. It is absolutely gorgeous. It is also a bit heavy and it is fragile. The white flowers appear like they are made of clay. The design is lovely. However, I have short to medium-length fine curly hair and no matter what I do I cannot get this to stay. It immediately wants to fall out. I feel this is best applied by someone who is a stylist and perhaps can affix this with some pins. It is also probably best for someone who has thick long hair than someone with fine hair like me.<br /><br />I love this but am disappointed it does not work for me. Also, this can be used for any elegant occasion and not just by a bride. <br /><br />The current price of $19.99 is competitively priced for this. Note that I ordered the style called ""Silver 1."" However, what is pictured is a lot longer than what I received. Mine is more tightly compacted and half the size and there were no wires I could stretch out. I actually prefer the shorter version but the product shown really should be the one sent even though this is handmade. Therefore, my recommendation is to return the comb if you are not satisfied and if it is not close to the one pictured.",work art absolutely gorgeous also bit heavy fragile white flowers appear like made clay design lovely however short mediumlength fine curly hair no matter cannot get stay immediately wants fall feel best applied someone stylist perhaps affix pins also probably best someone thick long hair someone fine hair like mei love but disappointed not work also used elegant occasion not bride current price competitively priced note ordered style called silver however pictured lot longer received mine tightly compacted half size no wires could stretch actually prefer shorter version but product shown really one sent even though handmade therefore recommendation return comb not satisfied not close one pictured,Error,Error
4.0,Packaging is heart shaped; love the colors & sponge texture; metal holder is great,"This is a lovely set of two sponges but they are not heart shaped. What is heart shaped is the plastic holding the two sponges together with the flat side joining into what almost looks like a heart. Nevertheless, I still love them. The set comes with a great metal sponge holder. The sponges are dense. As a result, make-up does not soak in as easily.<br /><br />Both blenders have a flat side which is great for smooth applications. These feel good in the hands, blend reasonably well, and feel soft against my skin. These blenders make a great gift for the make-up obsessed. I love that the sponges do not smell. I tried other colored sponges and they smell like pencil shavings or other chemicals and these do not.<br /><br />The sponges themselves are similar in style to all of the others that I tried before this with the exception that the sponges are on the dense side instead of airy. To me what set of sponges to buy all comes down to the price and the angles one wants on the sponges as well as whether it is for gifting or not. The colors are important too - at least to me. These colors also make it perfect for the Easter Basket.<br /><br />At the current price of $7.99 this comes to a pricey $2.66 per piece if I count the holder. Most other blenders sell for between $1.25 and $1.75 per piece in a set like this but without the heart-shaped packaging.",lovely set two sponges but not heart shaped heart shaped plastic holding two sponges together flat side joining almost looks like heart nevertheless still love set comes great metal sponge holder sponges dense result makeup not soak easilyboth blenders flat side great smooth applications feel good hands blend reasonably well feel soft against skin blenders make great gift makeup obsessed love sponges not smell tried colored sponges smell like pencil shavings chemicals notthe sponges similar style others tried exception sponges dense side instead airy set sponges buy comes price angles one wants sponges well whether gifting not colors important least colors also make perfect easter basketat current price comes pricey per piece count holder blenders sell per piece set like but without heartshaped packaging,Error,Error
5.0,Love the colors in this sponge set; sponge texture is dense; metal holder is great,"This is a lovely set of three sponges in Easter colors of green, pink, and lilac. It also comes with a great metal sponge holder. The sponges are dense unlike most sponges like this on the market. As a result, make-up does not soak in as easily.<br /><br />The one lilac sponge with a flat side is great for smooth applications. The typical egg-shaped (pink) and the hour-glass (green) sponges are good for blending or any large make-up application. The hour-glass one is easy to hold in the center.<br /><br />These feel good in the hands, blend reasonably well, and feel soft against my skin. These blenders make a great gift for the make-up obsessed. I love that the sponges do not smell. I tried other colored sponges and they smell like pencil shavings or other chemicals and these do not.<br /><br />The sponges themselves are similar in style to all of the others that I tried before this with the exception that the sponges are on the dense side instead of airy. To me what set of sponges to buy all comes down to the price and the angles one wants on the sponges as well as whether it is for gifting or not. The colors are important too - at least to me. These colors also make it perfect for the Easter Basket.<br /><br />At the current price of $6.99 it is a reasonable $1.75 per piece if I count the holder.",lovely set three sponges easter colors green pink lilac also comes great metal sponge holder sponges dense unlike sponges like market result makeup not soak easilythe one lilac sponge flat side great smooth applications typical eggshaped pink hourglass green sponges good blending large makeup application hourglass one easy hold centerthese feel good hands blend reasonably well feel soft against skin blenders make great gift makeup obsessed love sponges not smell tried colored sponges smell like pencil shavings chemicals notthe sponges similar style others tried exception sponges dense side instead airy set sponges buy comes price angles one wants sponges well whether gifting not colors important least colors also make perfect easter basketat current price reasonable per piece count holder,Error,Error
2.0,Pretty headband but it is too slinky to stay put in my hair,I thought I would love this headband. It is gorgeous and feels great but the material it is made of is so slippery that it keeps sliding off my hair. It is only for this reason I rated this 2 stars as it is not for me.,thought would love headband gorgeous feels great but material made slippery keeps sliding hair reason rated stars not,Error,Error
3.0,Love the blender sponges but I am not crazy about the brush,"There is one recessed foundation brush in this set along with three blender sponges.<br /><br />The brush is not high quality. I love the unique container as the brush comes out of the tube the same way lipstick does. However, the container is thin and the bristles are only marginally soft and definitely feel synthetic and are shiny. However, there is no shedding. A brush like this is good for travel where it will be used sparingly.<br /><br />The star of this set are the three blender sponges. There are two sponges with a flat side which is great for smooth applications. The other sponge is a typical egg-shaped sponge that is good for blending or any large make-up application. These blenders feel good in the hands, blend well, and feel soft against my skin. They do have a slight smell to them but it is not offensive.<br /><br />The current price of $10.99 for 4 pieces comes to a pricey $2.75 per item. I love the sponges and to me they are five stars; however the brush is 2 stars to me. This brush only makes sense for travel or someone who wants a brush that remains covered and will not soil their other make-up applicators or bag. Note that the packaging is more than double the size of the products within. I can fit three sets of these in the box it came in.",one recessed foundation brush set along three blender spongesthe brush not high quality love unique container brush comes tube way lipstick however container thin bristles marginally soft definitely feel synthetic shiny however no shedding brush like good travel used sparinglythe star set three blender sponges two sponges flat side great smooth applications sponge typical eggshaped sponge good blending large makeup application blenders feel good hands blend well feel soft against skin slight smell but not offensivethe current price pieces comes pricey per item love sponges five stars however brush stars brush makes sense travel someone wants brush remains covered not soil makeup applicators bag note packaging double size products within fit three sets box came,Error,Error
4.0,Fragrance is subtle but lovely and floral; just enough to freshen up an area or relax to,"This is a nice room freshener. The fragrance is subtle but lovely and floral. Some fragrances give me a headache if they are too strong but this one does not. I love spraying this in my bedroom. It is also a great fragrance to relax with before falling asleep--no dangerous scented candle needed. It does not help promote sleep for me but it is soothing to my senses. The aroma does not last long--about 15 minutes. I happen to like fragrance, so I do like this linen spray.",nice room freshener fragrance subtle but lovely floral fragrances give headache strong but one not love spraying bedroom also great fragrance relax falling asleepno dangerous scented candle needed not help promote sleep but soothing senses aroma not last longabout minutes happen like fragrance like linen spray,Error,Error
4.0,Very functional basic brush set; wish handles were longer; love the bristle color,"There are 9  soft non-shedding make-up brushes in this set. This is a gorgeous set that contains a brush for most uses. There is no fan, eyebrow, or lip brush, however.<br /><br />Each brush comes individually packaged. In fact it is over packaged. The bristles are velvety soft and they do not fall out, which is great. Their soft bristles feel good against my skin and work like many other brushes I tried previously. I particularly LOVE the large blush/foundation brush. I do wish the handles were a tad longer. Nevertheless, the current price of $8.99 is an super reasonable for this set as it comes to $1 per brush.<br /><br />This is a perfect set for the young teenager starting out on her make-up journey.",soft nonshedding makeup brushes set gorgeous set contains brush uses no fan eyebrow lip brush howevereach brush comes individually packaged fact packaged bristles velvety soft not fall great soft bristles feel good against skin work like many brushes tried previously particularly love large blushfoundation brush wish handles tad longer nevertheless current price super reasonable set comes per brushthis perfect set young teenager starting makeup journey,Error,Error
3.0,PU case really smells; brushes are okay; two brush heads frayed,"There are 14 brushes in this set. There are brushes for foundation, blush, eyeshadow, eye blending (fan brush), etc. In fact, there are more brushes than I needed. <br /><br />The one unique brush in this set (see photo) is the one that looks like a paint brush. This is perfect for cheek highlighting.<br /><br />The bristles are relatively soft but not as soft as I expected. They feel pretty good against my skin but not great. Also, the heads have a slight odor. The PU brush case has a tremendous chemical odor and needs to be aired out a while.<br /><br />This is a bargain basement travel set for someone who is starting their make-up journey. The current price of $11.19 comes to $.80 cents per brush. In this case one gets what they pay for; it's a marginal price for a marginal quality set that is functional. ",brushes set brushes foundation blush eyeshadow eye blending fan brush etc fact brushes needed one unique brush set see photo one looks like paint brush perfect cheek highlightingthe bristles relatively soft but not soft expected feel pretty good against skin but not great also heads slight odor pu brush case tremendous chemical odor needs aired whilethis bargain basement travel set someone starting makeup journey current price comes cents per brush case one gets pay marginal price marginal quality set functional,Error,Error
4.0,Wafer-thin portable soap; dissolves instantly; good lather; fragrance does not come thru on hands,"There are three packages of wafer thin sheets of soap in 80 sheets each pack. The wafers are attached in the center but pull apart easily. There is also a sliding top tin supplied that will hole 80 sheets. Be careful not to get them wet as even a drop of water causes them to dissolve. When I washed my hands with one sheet, it created a nice lather and left my hands clean. I do not feel that it was moisturizing as claimed. Also, even though there are three wonderful fragrances (lavender & aloe, bergamot & ylang ylang, and jasmine & patchouli) that smell great as a whole 80 sheets, that fragrance does not come through on the hands because the soap is too thin to leave any fragrance behind.<br /><br />The current price of $13.95 comes to $.06 cents per sheet. I consider these perfect for when using a public restroom that has water but no soap. It is also great for camping or any place where portability is paramount without carrying a full wet bar of soap in a container.",three packages wafer thin sheets soap sheets pack wafers attached center but pull apart easily also sliding top tin supplied hole sheets careful not get wet even drop water causes dissolve washed hands one sheet created nice lather left hands clean not feel moisturizing claimed also even though three wonderful fragrances lavender aloe bergamot ylang ylang jasmine patchouli smell great whole sheets fragrance not come hands soap thin leave fragrance behindthe current price comes cents per sheet consider perfect using public restroom water but no soap also great camping place portability paramount without carrying full wet bar soap container,Error,Error
5.0,12 supremely soft non-shedding make-up brushes with cleaner/holder,"There are 12  supremely soft non-shedding make-up brushes in this set with a silicone brush head cleanerbrush that doubles as a mini-brush holder. This is a gorgeous set that contains a brush for most uses. There is no fan, eyebrow, or lip brush, however.<br /><br />This is an attractive brush set in matte black. Unfortunately, the color of the silicone cleaner cannot be chosen. I thought I was going to get purple to match with my purple bathroom and I received a pink one.  <br /><br />The bristles are velvety soft and they do not fall out, which is great. Their soft bristles feel fantastic against my skin and work like many other brushes I tried previously. I particularly LOVE the large blush/foundation brush. The only thing to note is that because the bristles are super soft, these brushes are more suited for powder applications than cream or liquid.<br /><br />The current price of $19.99 is reasonable for this quality set as it comes to $1.67 per brush or $1.54 per item if counting the silicone cleaner.",supremely soft nonshedding makeup brushes set silicone brush head cleanerbrush doubles minibrush holder gorgeous set contains brush uses no fan eyebrow lip brush howeverthis attractive brush set matte black unfortunately color silicone cleaner cannot chosen thought going get purple match purple bathroom received pink one bristles velvety soft not fall great soft bristles feel fantastic against skin work like many brushes tried previously particularly love large blushfoundation brush thing note bristles super soft brushes suited powder applications cream liquidthe current price reasonable quality set comes per brush per item counting silicone cleaner,Error,Error
3.0,Four extra large shower caps with adjustable cinch strap; best for those with lots of hair,"There are four typical no-frills extra large shower caps (red, tan, purple, and black). They fit me but have lots of room to spare. They are waterproof as the water just runs right off the exterior. There is an elasticized strap in the cap that can be adjusted. I adjusted one of them and it looked very lopsided on my head as a result of the adjustment.<br /><br />Unfortunately, these are not my favorite caps. They are too big and the adjustment throws the elastic out of whack. The current price of $11.99 comes to $4 per cap.",four typical nofrills extra large shower caps red tan purple black fit but lots room spare waterproof water runs right exterior elasticized strap cap adjusted adjusted one looked very lopsided head result adjustmentunfortunately not favorite caps big adjustment throws elastic whack current price comes per cap,Error,Error
4.0,Beautiful clip but has loose applique that causes it to rattle,"This clip is gorgeous. If one looks at it quickly, it can easily be mistaken for a tarantula due to the black claws and sort of fuzzy looking applique.<br /><br />I have short to medium fine curly hair and my hair is long enough in the back to use this clip. It holds on to my hair well and looks great. The only negative is that a couple of the beads are loose on the applique. This not only makes noise (i.e. rattles) but creates a situation where they can accidentally be pulled off if the ""plastic"" thread holding it loosely hooks onto something.<br /><br />The current price of $11.99 is pricey for this but typical for a $1.50 clip that is all dressed up.",clip gorgeous one looks quickly easily mistaken tarantula due black claws sort fuzzy looking appliquei short medium fine curly hair hair long enough back use clip holds hair well looks great negative couple beads loose applique not makes noise ie rattles but creates situation accidentally pulled plastic thread holding loosely hooks onto somethingthe current price pricey but typical clip dressed,Error,Error
4.0,Lightweight moisturizer that mildly moisturized my body; good for the summer - 3.5 stars,"There are four individually packaged 2.53 fluid ounce tubes of moisturizer in this set. They are all the same tubes. This moisturizer is lightweight and is mildly hydrating. It absorbs quickly and is a good product to use in the summer. I also like the fresh cucumber-like aroma.  I did, however, expect this to be more hydrating than it is. It is a decent cream but not excellent.<br /><br />The current price of $15.00 comes to a reasonably priced $3.75 per tube.",four individually packaged fluid ounce tubes moisturizer set tubes moisturizer lightweight mildly hydrating absorbs quickly good product use summer also like fresh cucumberlike aroma however expect hydrating decent cream but not excellentthe current price comes reasonably priced per tube,Error,Error
4.0,12 very pretty double banded headbands that fit well,"The colors and design of these 12 headbands are super attractive. They are all double banded and most have a ""knot"" in the middle that can be worn in the center of the head or at the base of the neck. I personally do not like knots in my headbands but these are versatile enough to position the knot away from the forehead  without losing the good look of the band.<br /><br />The colors are great and there is a design for almost every outfit.<br /><br />Also, the current price of $18.99  comes to a reasonable $1.58 per band. These are definitely pretty and functional and they fit well. There was only one where the material was a hair looser on one side than the other for the top part of the double band. All the others were sewn perfectly.",colors design headbands super attractive double banded knot middle worn center head base neck personally not like knots headbands but versatile enough position knot away forehead without losing good look bandthe colors great design almost every outfitalso current price comes reasonable per band definitely pretty functional fit well one material hair looser one side top part double band others sewn perfectly,Error,Error
3.0,Marginal quality headbands; look good on; extras included are garbage - 2.5 stars,"These headbands are made of PU leather with what appears to be a cloth covered plastic base. The headbands look good on and are best on those with a full head of hair since they are so large. The glue of the leather to the material was coming apart on one of mine, so the quality is so, so.<br /><br />However, it also came with two polyester-type cloth headbands, a bow hair tie, and a strip of cloth with avocados on them. None of the cloth bands fit me as they are kid-sized. Also, the material feels scratchy and horrible. The avocado tie is okay and so is the hair tie bow.<br /><br />The curent price of $12.99 ($18.99 minus $6) is too much for this ensemble.",headbands made pu leather appears cloth covered plastic base headbands look good best full head hair since large glue leather material coming apart one mine quality sohowever also came two polyestertype cloth headbands bow hair tie strip cloth avocados none cloth bands fit kidsized also material feels scratchy horrible avocado tie okay hair tie bowthe curent price minus much ensemble,Error,Error
2.0,Smells wonderful but suds sting my eyes & bar size is a joke and $$$$$$$$$$,"This bar of facial soap smells wonderful, lathers well, and feels great using EXCEPT the suds sting my eyes. Also, the bar size is like those hotel travel bars. At the current price of $8, that is absolutely insane. I would not expect to purchase this for more than $2 a bar and that is even expensive for this tiny size. In addition to the price, the fact that it stings if one accidentally gets suds in their eye is also a negative.",bar facial soap smells wonderful lathers well feels great using except suds sting eyes also bar size like hotel travel bars current price absolutely insane would not expect purchase bar even expensive tiny size addition price fact stings one accidentally gets suds eye also negative,Error,Error
4.0,Supposedly has UVA/UVB sun filter but doesn’t list SPF; it’s lightly hydrating,I love the results of this lotion. It is creamy and not too thin or thick and absorbs easily. I applied this to my face and neck and felt lightly hydrated. It does say there is a UVA/UVB sun filter in this but it does not say what SPF it is. The only other negative is that it took me about one minute to get the product to dispense from the pump bottle on initial use only. Also note the box is four times the width of the product. <br /><br />The current price of $38.40 is pricey for this but it's from France and expected.,love results lotion creamy not thin thick absorbs easily applied face neck felt lightly hydrated say uvauvb sun filter but not say spf negative took one minute get product dispense pump bottle initial use also note box four times width product current price pricey but france expected,Error,Error
4.0,"Excellent for applying creams, mask products,etc. but I wish the arm was stiffer","I have really been getting into silicone spatulas/brush sets for applying face creams, bacitracin on a scar, etc. There are two large wands in this package. They are single-sided and have a flat spatula end for applying creams or gels. The opposite side has a ribbed end that is good for washing my face with soap and water or also for applying mask products. However, if the large soft nubs are used, there is more cleaning involved to wash off the mask product. <br /><br />The only reason I rated this 4 stars is because the wand bends too easily. I would have preferred if the arm was a bit stiffer to make it easier to work with and allow me to apply more pressure.<br /><br />Overall, this set is excellent and about 7 inches long. It is soft on my skin, pliable, and long enough to hold on to. <br /><br />The current price of $9.90 comes to a competitively priced $4.95 per wand.",really getting silicone spatulasbrush sets applying face creams bacitracin scar etc two large wands package singlesided flat spatula end applying creams gels opposite side ribbed end good washing face soap water also applying mask products however large soft nubs used cleaning involved wash mask product reason rated stars wand bends easily would preferred arm bit stiffer make easier work allow apply pressureoverall set excellent inches long soft skin pliable long enough hold current price comes competitively priced per wand,Error,Error
2.0,Beautiful brush but it stinks like rubber tires; YUCK; price is INSANE,"At the current price of $48, this is insanely expensive. Yes the brush is a beautiful blue, with a fantastic gloss, and looks great, feels nice in my hands, and brushes my fine short to medium curly hair well. However, the brush stinks to high heaven and reminds me of the smell of burning rubber tires. Unfortunately, I cannot use this in this condition because I am extremely sensitive to offensive odors.",current price insanely expensive yes brush beautiful blue fantastic gloss looks great feels nice hands brushes fine short medium curly hair well however brush stinks high heaven reminds smell burning rubber tires unfortunately cannot use condition extremely sensitive offensive odors,Error,Error
4.0,Love the colors in this sponge set; sponge texture is light; metal holder is great,"This is a lovely set of three sponges in nice colors of  pink, burgundy, and teal. It also comes with a great metal sponge holder, a silicone brush cleaner, and some cleaning solution. The sponges are light and airy like most sponges like this on the market. <br /><br />The burgundy sponge with the flat side is great for smooth applications. The typical egg-shaped (teal) and the hour-glass (pink) sponges are good for blending or any large make-up application. The hour-glass one is easy to hold in the center.<br /><br />These feel good in the hands, blend reasonably well, and feel soft against my skin. These blenders make a great gift for the make-up obsessed. I love that the sponges do not smell. I tried other colored sponges and they smell like pencil shavings or other chemicals and these do not.<br /><br />I personally do not use a silicone sponge cleaner. I prefer to use my hands and soap and water but having the silicone cleaner with cleaning solution provided is a nice touch.<br /><br />The sponges themselves are similar in style to all of the others that I tried before this. To me what set of sponges to buy all comes down to the price and the angles one wants on the sponges as well as whether it is for gifting or not. The colors are important too--at least to me. <br /><br />The current price of $7.99 is a great deal for this.",lovely set three sponges nice colors pink burgundy teal also comes great metal sponge holder silicone brush cleaner cleaning solution sponges light airy like sponges like market burgundy sponge flat side great smooth applications typical eggshaped teal hourglass pink sponges good blending large makeup application hourglass one easy hold centerthese feel good hands blend reasonably well feel soft against skin blenders make great gift makeup obsessed love sponges not smell tried colored sponges smell like pencil shavings chemicals noti personally not use silicone sponge cleaner prefer use hands soap water but silicone cleaner cleaning solution provided nice touchthe sponges similar style others tried set sponges buy comes price angles one wants sponges well whether gifting not colors important tooat least current price great deal,Error,Error
3.0,Hydrating lotion but am not too crazy about the eucalyptus scent,"There is a lot of lotion (3.38 fluid ounces) for the $24 price tag. This lotion is creamy and very hydrating. It also absorbs quickly. Unfortunately, I am not at all crazy about the eucalyptus scent. If I loved the scent, this would have received 5 stars from me.<br /><br />BTW, this is good for a man or a woman despite what the title says.",lot lotion fluid ounces price tag lotion creamy very hydrating also absorbs quickly unfortunately not crazy eucalyptus scent loved scent would received stars mebtw good man woman despite title says,Error,Error
3.0,Nice set of 7 iridescent scrunchies; material can be slippery on hair,"There are six blush-colored scrunchies and one white scrunchie. The material is a bit slick so there is a chance these will slip out of the hair. I have medium length hair in the back and they did slip out easily if I pulled on them. I do feel these are elegant and super attractive. If the bride and bridesmaids all have long hair, then these are a good option. I have no idea what these will be priced at but anything more than $10.50 (which would be 1.50 each) is too much.",six blushcolored scrunchies one white scrunchie material bit slick chance slip hair medium length hair back slip easily pulled feel elegant super attractive bride bridesmaids long hair good option no idea priced but anything would much,Error,Error
4.0,Attractive scrunches with long tail; stitching shows,"There are supposed to be six green and one white scrunchies but I received an additional white one to bring my total up to eight scrunchies. However, only seven are supposed to be shipped.<br /><br />These hair ties are dressy and nice. The scrunchie expands to hold a good amount of hair. Of course, when applying one of these, it is important to turn it so the tail goes down. That can sometimes be tricky.<br /><br />The only negative I see is that the seam shows the stitching as can be seen in my photo. They should have covered this with the area that is tied (meaning the area where the tail flows down). This is the only reason I took off one star.<br /><br />The current price of $12.99 comes to $1.86 per scrunchie if one receives seven (and not eight) scrunchies.",supposed six green one white scrunchies but received additional white one bring total eight scrunchies however seven supposed shippedthese hair ties dressy nice scrunchie expands hold good amount hair course applying one important turn tail goes sometimes trickythe negative see seam shows stitching seen photo covered area tied meaning area tail flows reason took one starthe current price comes per scrunchie one receives seven not eight scrunchies,Error,Error
3.0,Beautifully engraved comb; tines are a bit thick making this a bit difficult to comb with,"This comb is just beautiful and the quality is exceptional. It is also hefty. As a statement piece it gets 5 stars. However, I find it difficult to comb through my hair using this. I have short-to-medium-length fine curly hair and the tines are so thick on this, that it makes it difficult to pull the comb through my hair. If I had an easier time of it, this would have gotten 5 stars.<br /><br />The current price of $6.98 is reasonable for this.",comb beautiful quality exceptional also hefty statement piece gets stars however find difficult comb hair using shorttomediumlength fine curly hair tines thick makes difficult pull comb hair easier time would gotten starsthe current price reasonable,Error,Error
4.0,Beautiful shower cap that fits perfectly on my head but bow doesn’t look good on me,"I love this shower cap. It is very attractive and the black and white colors just pop. I have short to medium-length fine curly hair and take a size small in a cap. This fits me perfectly and there is a little more room for more hair if I had it. This is comfortable and does keep my hair dry in the shower. Unfortunately, I hate the way the bow looks on me.<br /><br />The current price of $15.99 is on the high side of competitively priced.",love shower cap very attractive black white colors pop short mediumlength fine curly hair take size small cap fits perfectly little room hair comfortable keep hair dry shower unfortunately hate way bow looks methe current price high side competitively priced,Error,Error
5.0,"Gorgeous, soft quality headbands that feel great on– LOVE THEM",There are two quality headbands in this set. The headbands are SUPER SOFT that I just want to feel them all day. They look great on and I love the design.<br /><br />I have short to medium-length fine curly hair and these work for me and are even better for someone with long hair. I actually put them over my ears so that they stay put. I have to do that with every headband I use.<br /><br />The current price of $3.99 is a reasonable $2 per band.,two quality headbands set headbands super soft want feel day look great love designi short mediumlength fine curly hair work even better someone long hair actually put ears stay put every headband usethe current price reasonable per band,Error,Error
5.0,Large oval brush that is good for apply blush; comes w/a cinch pouch,"This is a large oval brush that comes with a cinch pouch. The handle has a good grip due to the silicone ""sleeve."" <br /><br />The bristles are soft and feel great against my face. Initially, there were just a few bristles that fell out but that seems to have stabilized. I use brushes like these to apply blush. The brush head is quite large and usable only for larger jobs.<br /><br />The current price of $4.99 is excellent for this in my opinion and one of the reasons I rated this 5 stars instead of 4 stars.",large oval brush comes cinch pouch handle good grip due silicone sleeve bristles soft feel great against face initially bristles fell but seems stabilized use brushes like apply blush brush head quite large usable larger jobsthe current price excellent opinion one reasons rated stars instead stars,Error,Error
5.0,Excellent make-up brushes; beveled handles provide a good grip,"There are 10 brushes in total and a carry pouch. I really love these brushes. The geometric shape of the handles provide a good surface area for gripping each brush during application. The bristles are soft and they do not fall out of the brush. They feel great against my skin.<br /><br />Based on the Amazon site, these are the brushes in the set. Note that I cropped a photo of the brushes from the site and attached it to my review, so that one can see each brush's use.<br /><br />- powder brush<br />- blush brush<br />- angled contour brush<br />- foundation brush<br />- nasal shadow brush<br />- big eyeshadow brush<br />- small eyeshadow brush<br />- blending brush<br />- eyebrow brush<br />- lip brush<br /><br />In summary, I love that it has more smaller brushes than larger one because they are better for detail/precision applications. The current price of $15.19 ($18.99 minus 20%) comes to $1.27 per brush which I consider reasonable. I also love the color of these brushes as they match my pink bathroom.",brushes total carry pouch really love brushes geometric shape handles provide good surface area gripping brush application bristles soft not fall brush feel great against skinbased amazon site brushes set note cropped photo brushes site attached review one see brushs use powder brush blush brush angled contour brush foundation brush nasal shadow brush big eyeshadow brush small eyeshadow brush blending brush eyebrow brush lip brushin summary love smaller brushes larger one better detailprecision applications current price minus comes per brush consider reasonable also love color brushes match pink bathroom,Error,Error
3.0,Roll-on fragrances are strong; comes with carry case that will hold six oils,"This set of two roll-on fragrances comes with a PU leather carry case that will hold up to six roll-on fragrances or essential oils. The lemongrass smells as it should and the protector blend smells spicy. Both of the fragrances are strong. The current price of $19.99 ($24.99 minus $5) is competitively priced for this set. Unfortunately, these scents are way too strong for me.",set two rollon fragrances comes pu leather carry case hold six rollon fragrances essential oils lemongrass smells protector blend smells spicy fragrances strong current price minus competitively priced set unfortunately scents way strong,Error,Error
2.0,Pale orange color turns to light pink w/body heat but this is like expensive lip balm,"I ordered the orange color. It is very pale and looks attractive in the tube. However, once worn it changed to a light pink on my lips. The moisturizing effects lasted a couple of hours but I personally did not like the look of the resulting color on my lips. Also, at the current price of $18.98, this is very expensive lip balm. Nivea makes colored lip balm that does not change color--so one knows what color they are getting. That lip balm works just as well and is a lot cheaper than this.",ordered orange color very pale looks attractive tube however worn changed light pink lips moisturizing effects lasted couple hours but personally not like look resulting color lips also current price very expensive lip balm nivea makes colored lip balm not change colorso one knows color getting lip balm works well lot cheaper,Error,Error
3.0,Only the lavender is pleasing to my senses; second candle is headache producing,"I got the lavender and balsam fir set of soy candles. Each one comes in an 8 ounce tin. The balsam fir is headache producing to me and I hate it. However, the lavender is very nice and a faint lavender scent dissipates throughout my small kitchen when I am burning the candle.<br /><br />Each candle is $20 each at the current price of $39.99. Although they are made with essential oils, I still think that is too much for the set. Unfortunately, only one candle is agreeable to me.",got lavender balsam fir set soy candles one comes ounce tin balsam fir headache producing hate however lavender very nice faint lavender scent dissipates throughout small kitchen burning candleeach candle current price although made essential oils still think much set unfortunately one candle agreeable,Error,Error
4.0,Simple headbands that loosely grip my head;wish there were more color variety,"There are 12 headbands in this set and practically all of them look a similar shade of pastel pink, purple, and yellow. Only one headband is bold with an emerald green. I would have liked a red, black, and brown in this set. However, this appears to be designed for young girls or ballerinas who would love these colors.<br /><br />I tried these on and the headbands are comfortable and do not squeeze my head. They also stay put. I have a small head so these would probably feed a youngster just fine.<br /><br />The current price of $15.99 comes to a reasonable $1.33 per headband.",headbands set practically look similar shade pastel pink purple yellow one headband bold emerald green would liked red black brown set however appears designed young girls ballerinas would love colorsi tried headbands comfortable not squeeze head also stay put small head would probably feed youngster finethe current price comes reasonable per headband,Error,Error
5.0,Exceptionally well-made and beautiful pocket sized brush,"This is an exceptionally well-made and beautiful brush in a travel size. The brush and handle are small, so this brush is not as easy to grasp as one that is full sized. However, It detangles and brushes through my curls with ease. I also did not experience the typical loss of bristles I usually do with a boar bristle brush. Most animal hair brushes seem to shed for a while and then stop shedding. So far I have not had that problem.<br /><br />I actually cannot believe this is priced at $7.29 because most boar bristles brushes of this size are in the $28 to $30 range. The price, coupled with the style, finish, and functionality of this hairbrush is outstanding in my opinion.",exceptionally wellmade beautiful brush travel size brush handle small brush not easy grasp one full sized however detangles brushes curls ease also not experience typical loss bristles usually boar bristle brush animal hair brushes seem shed stop shedding far not problemi actually cannot believe priced boar bristles brushes size range price coupled style finish functionality hairbrush outstanding opinion,Error,Error
4.0,Beautiful compact mirror w/high-gloss shine; saying is one star less than special,"This is a beautiful compact mirror with regular and close-up mirrors on the inside. Both mirrors are small but functional. It is fashioned like a pocket watch. The clasp is solid and the finish is high-gloss like the interior mirror itself.<br /><br />The saying (see below) on the outside is nice but the last two words of ""I WIN!"" may be taken wrong; it depends on the girlfriend. <br /><br />TO MY<br /><br />Girlfriend<br /><br />NEVER FORGET THAT<br /><br />I love you<br /><br />THE MOST,<br />I WIN!<br /><br />In summary, this is a lovely gift in a nice gift box. The current price of $22.99 is competitive. I would have given this 5 stars if it were not for the last two words.",beautiful compact mirror regular closeup mirrors inside mirrors small but functional fashioned like pocket watch clasp solid finish highgloss like interior mirror itselfthe saying see outside nice but last two words win may taken wrong depends girlfriend mygirlfriendnever forget thati love youthe mosti winin summary lovely gift nice gift box current price competitive would given stars not last two words,Error,Error
5.0,"Spatulas are excellent for applying creams, mask products, etc.; brush pads good for face washing","I have really been getting into silicone spatulas/brush sets for applying face creams, bacitracin on a scar, etc.  This set includes three colorful and double-side spatulas/scrubbers. Also included are two thin purple silicone pads with finger holders that are great for washing my face.<br /><br />Each double-sided wand has a flat spatula end for applying creams or gels. The opposite side has a ribbed end and another side with larger soft nubs. The nubby side is good for cleaning or also for applying mask products. However, if the large soft nubs are used, there is more cleaning involved to wash off the mask product.<br /><br />The ""egg-shaped"" purple pads are great for scrubbing my face with soap and lathering up. I love the nub that allows me to hold on to this.<br /><br />Overall, this is an excellent set. These are soft on my skin, pliable, and easy to hold on to. I do wish the wands were just a few inches longer for a better grip. The current price of $13.29 ($13.99 minus 5%) is competitively priced for this set as it comes to $2.66 per item.",really getting silicone spatulasbrush sets applying face creams bacitracin scar etc set includes three colorful doubleside spatulasscrubbers also included two thin purple silicone pads finger holders great washing faceeach doublesided wand flat spatula end applying creams gels opposite side ribbed end another side larger soft nubs nubby side good cleaning also applying mask products however large soft nubs used cleaning involved wash mask productthe eggshaped purple pads great scrubbing face soap lathering love nub allows hold thisoverall excellent set soft skin pliable easy hold wish wands inches longer better grip current price minus competitively priced set comes per item,Error,Error
3.0,I love this iron but it does not come with gloves as specified,"This flat iron comes with two strange looking hair clips and a carry pouch. However, gloves were not included in the package as I had expected. It is for this reason I lowered my rating. It is deceiving to the customer to purchase an item thinking it comes with gloves when it does not.<br /><br />The controls are in the center of the iron, so I had to be careful not to burn my fingers. To turn the unit on or off, I just held down the power button for three seconds. To go to the next temperature, I just pressed the on/off button quickly. This flat iron heats rapidly. The temperature selections available go from 300 to 450. I used it at 350 degrees to straighten my hair and I was able to do this relatively quickly as I have short curly hair. Also, there was no frizz after I was done. <br /><br />The clips provided are strange looking as can be seen from the photo. They work good enough to hold some of my hair but I particularly do not care for the design.<br /><br />The soft sided cinch pouch is nice and holds both the iron and the clips.<br /><br />In summary, this is a gorgeous iron. I love how the ""blades"" come together and there is no space in-between like some other irons I tried. Also, the current price of $25.91 ($32.39 minus 20%) is very reasonable for this. The Amazon site says ""DUAL VOLTAGE AND COMPLETE ACCESSORIES ..... Equipped with 1x storage bag, 2x hair clips, and 1x Gloves."" Well it was missing the last item. Had it come with the gloves, I would have rated this 4 stars.",flat iron comes two strange looking hair clips carry pouch however gloves not included package expected reason lowered rating deceiving customer purchase item thinking comes gloves notthe controls center iron careful not burn fingers turn unit held power button three seconds go next temperature pressed onoff button quickly flat iron heats rapidly temperature selections available go used degrees straighten hair able relatively quickly short curly hair also no frizz done clips provided strange looking seen photo work good enough hold hair but particularly not care designthe soft sided cinch pouch nice holds iron clipsin summary gorgeous iron love blades come together no space inbetween like irons tried also current price minus very reasonable amazon site says dual voltage complete accessories equipped x storage bag x hair clips x gloves well missing last item come gloves would rated stars,Error,Error
5.0,"Excellent empty glass bottle set perfect for hair coloring, essential oil sprays, etc.","There are two amber glass spray bottles in this set. In addition, four black labels, one stainless steel funnel, one glass eye dropper, one white marker, and two standard black caps are included. It is important to go through all the packaging in order to find these items as I almost missed a few. Note that these are packaged exceptionally well in double bubble wrap sleeves for each bottle.<br /><br />These are perfect for hair solutions, water, window cleaner, vinegar, etc., etc., etc. The spray nozzles, with a turn of the front dial, dispense a wonderful mist spray or a fine stream just like many store bought spray products. Each bottle holds 16 ounces of liquid. The amber color of the glass helps protect light sensitive products. <br /><br />The current price of $18.98 is competitive but somewhat pricey for this set as it comes to $9.50 per bottle not counting the added incidentals.  Their [[ASIN:B08HGZXLP6 four-pack of bottles]] is about $1 cheaper per bottle.",two amber glass spray bottles set addition four black labels one stainless steel funnel one glass eye dropper one white marker two standard black caps included important go packaging order find items almost missed note packaged exceptionally well double bubble wrap sleeves bottlethese perfect hair solutions water window cleaner vinegar etc etc etc spray nozzles turn front dial dispense wonderful mist spray fine stream like many store bought spray products bottle holds ounces liquid amber color glass helps protect light sensitive products current price competitive but somewhat pricey set comes per bottle not counting added incidentals asinbhgzxlp fourpack bottles cheaper per bottle,Error,Error
4.0,Super soft back brush that lathers reasonably well & cleans well but is not exfoliating,"I have tried many different back brushes including this really good [[ASIN:B08HR2GBHC Kozis brush]] and the buff puff type that lather copiously. However, this one's bristles differ substantially. They are very fine and as soft as a cat's fur.  The soap lathers reasonably well on the bristles and the brush feels great against my skin. It is solidly built. It also has a rope loop to hang up in the shower.<br /><br />The only reason I rated this 4 stars is because the title says this is exfoliating and I do not consider that an attribute of this brush. The bristles are too soft to exfoliate. However, it cleans well and feels great to use. I consider it 5 stars for that purpose.  The current price of $16.99 is on the pricey side but I have no similar brush of this bristle style to compare it to. It is certainly not competitively priced with other back brushes which are about $7 cheaper.",tried many different back brushes including really good asinbhrgbhc kozis brush buff puff type lather copiously however ones bristles differ substantially very fine soft cats fur soap lathers reasonably well bristles brush feels great against skin solidly built also rope loop hang showerthe reason rated stars title says exfoliating not consider attribute brush bristles soft exfoliate however cleans well feels great use consider stars purpose current price pricey side but no similar brush bristle style compare certainly not competitively priced back brushes cheaper,Error,Error
5.0,"Excellent empty glass bottle set perfect for hair coloring, essential oil sprays, etc.","There are four amber glass spray bottles in this set. In addition, six black labels, one stainless steel funnel, one glass eye dropper, one white marker, and four standard black caps are included. It is important to go through all the packaging in order to find these items as I almost missed a few. Note that these are packaged exceptionally well in double bubble wrap sleeves for each bottle.<br /><br />These are perfect for hair solutions, water, window cleaner, vinegar, etc., etc., etc. The spray nozzles, with a turn of the front dial, dispense a wonderful mist spray or a fine stream just like many store bought spray products. Each bottle holds 16 ounces of liquid. The amber color of the glass helps protect light sensitive products. <br /><br />The current price of $33.99 is competitive but somewhat pricey for this set as it comes to $8.50 per bottle not counting the added incidentals. ",four amber glass spray bottles set addition six black labels one stainless steel funnel one glass eye dropper one white marker four standard black caps included important go packaging order find items almost missed note packaged exceptionally well double bubble wrap sleeves bottlethese perfect hair solutions water window cleaner vinegar etc etc etc spray nozzles turn front dial dispense wonderful mist spray fine stream like many store bought spray products bottle holds ounces liquid amber color glass helps protect light sensitive products current price competitive but somewhat pricey set comes per bottle not counting added incidentals,Error,Error
3.0,Shower caps are a bit large but they are still functional and are very attractive,"These shower caps are really attractive in the style I ordered them in. The only issue I have is that I would have preferred them to be a bit snugger. I have a small head and short to medium-length hair, so I need a smaller cap. I am still able to use this in the shower but I have to be careful it does not move around too much.<br /><br />If the elastics were snugger, I would have rated this set of three caps 5 stars.  The current price of $10.99 comes to a reasonable $3.66 each.",shower caps really attractive style ordered issue would preferred bit snugger small head short mediumlength hair need smaller cap still able use shower but careful not move around muchif elastics snugger would rated set three caps stars current price comes reasonable,Error,Error
2.0,Narrow headbands that are not sturdy enough to keep the masks tight to the face,"There are six (6) velvet headbands with buttons in this set. Each headband is narrow at only 8-3/4"" wide and certainly not as wide as pictured on the Amazon site. Also, there are buttons on each side of the ear area. When I attach my mask to these buttons, my face mask is no longer tight to my face because the slinky velvet material moves and does not stay in place.<br /><br />Overall, I do not like these at all. They will suffice as headbands only and not for mask attachment. The current price of $11.99 comes to $2 per band but I do not feel they are worth that price at all.",six velvet headbands buttons set headband narrow wide certainly not wide pictured amazon site also buttons side ear area attach mask buttons face mask no longer tight face slinky velvet material moves not stay placeoverall not like suffice headbands not mask attachment current price comes per band but not feel worth price,Error,Error
4.0,Creamy texture; nice fragrance; takes a while to absorb but is hydrating – 3.5 stars,"I am not sure what a balancing cream is supposed to be. Nevertheless, I applied this to my face and neck (avoiding the eye area). I like the creamy texture and the fragrance is decent. The aroma reminds me a little bit of St. Joseph's aspirin. It did take about ten minutes to absorb fully, but once it did my face and neck felt incredibly hydrated.<br /><br />Note that there are no English instructions on the jar or the box except for the words ""balancing cream."" This is made in Korea and it is written in Korean. If it were not for the Amazon label, no one would know that this is a hydrating face and neck cream. Also, there is no mention of how many ounces this is but I suspect it is about 4 ounces based on the price per ounce listed on Amazon.  The current price of $22.65 is pricey but competitive for this cream. I like it but not enough to order it again.",not sure balancing cream supposed nevertheless applied face neck avoiding eye area like creamy texture fragrance decent aroma reminds little bit st josephs aspirin take ten minutes absorb fully but face neck felt incredibly hydratednote no english instructions jar box except words balancing cream made korea written korean not amazon label no one would know hydrating face neck cream also no mention many ounces but suspect ounces based price per ounce listed amazon current price pricey but competitive cream like but not enough order,Error,Error
4.0,Surprisingly this works well to remove my cream eye make-up,"I tried many different make-up remover products and have always been disappointed because they never remove what they say it will remove and I have to use a ton of solution or wipes. However, these surprisingly work. I used this to remove cream eyeshadow and it did a wonderful job. In addition, my lids felt moisturized. Note each cloth is infused with Vitamin E and Aloe.<br /><br />There are 10 (I received 11) individually wrapped disposable cloths in each package. They come loosely packaged in an envelope, so I have to put them in a zip lock bag to store.<br /><br />At the current price of 9.50 ($10 minus 5%), it comes to $.95 cents per remover cloth. I certainly would not make a steady diet of these since they are expensive, but they are perfect for that once-in-awhile situation where one needs to remove their make-up without soap and water. ",tried many different makeup remover products always disappointed never remove say remove use ton solution wipes however surprisingly work used remove cream eyeshadow wonderful job addition lids felt moisturized note cloth infused vitamin e aloethere received individually wrapped disposable cloths package come loosely packaged envelope put zip lock bag storeat current price minus comes cents per remover cloth certainly would not make steady diet since expensive but perfect onceinawhile situation one needs remove makeup without soap water,Error,Error
4.0,Nice body brushes with interesting design,"There are two body brushes in this package (pastel blue and quartz pink). Each one has a silicone sleeve into which a soft sponge has been inserted. The sleeve has a loop for hanging, nubbs on one side for scrubbing, and various small ridges on the other side for light scrubbing.<br /><br />I used the pink one in my pink bathroom; it matches perfectly. I showered with it and it holds the suds well. I personally like the nubbed side because it is like getting a massage while washing. My favorite bath ""sponge"" is actually a body puff (those with the netting material) because they lather up well. This ""brush"" is now my second favorite. If the suds were prolific with this ""brush"" like the body puffs produce, I would have loved this more than my puffs.<br /><br />The current price of $12.59 ($13.99 minus 10%) is on the pricey side of competitive for this as it comes to $6.30 per body brush.",two body brushes package pastel blue quartz pink one silicone sleeve soft sponge inserted sleeve loop hanging nubbs one side scrubbing various small ridges side light scrubbingi used pink one pink bathroom matches perfectly showered holds suds well personally like nubbed side like getting massage washing favorite bath sponge actually body puff netting material lather well brush second favorite suds prolific brush like body puffs produce would loved puffsthe current price minus pricey side competitive comes per body brush,Error,Error
2.0,"Vegetal, messy flower balls; not sure why anyone would use this for anything but tea","I thought these were bath bombs when I ordered them. However, that is not what this is at all. There are 10 tiny balls of compressed flowers wrapped in various colored foils. They can be used as a tea, which is what I use them for, or they can be put in a bath. I have no idea how anyone would use this for baking as per the Amazon title.<br /><br />Nevertheless, all but the purple and red balls have a purely vegetal scent. The purple and red smell flowery. I have used tea balls before and never cared for them but did like how most stayed together. However, these balls expand into many little flower particles that float in the water. If one were to put this in a bath, it would clog the drain unless the flower debris was scooped out with a skimmer.  I used the blue ball to brew into a tea and it was tasteless. I also had to use a strainer and remove the lid on my pot to keep the spout from clogging.<br /><br />Besides the mess and lackluster flavor, there are absolutely no brewing instructions, no information on what tea ball is what flower.  The Amazon site has a list of the flower and the balls but does not show the foil color. It is almost impossible to reconcile that list with what is in front of me.<br /><br />Shame on the vendor for not creating an insert or package label that says what is inside and which tea ball is what flower. I personally do not care for this at all and will probably throw this in the garbage.<br /><br />This is not worth it to me at any price. It is certainly not a bath bomb, I can't see how it can be used for baking, and as a tea it is tasteless and messy. There is no fragrance, so its use as a bath bomb would be for romantic or ambiance purposes only.<br /><br />At the current price of $9.88 for 10 balls it comes to almost $1 per tea ball.",thought bath bombs ordered however not tiny balls compressed flowers wrapped various colored foils used tea use put bath no idea anyone would use baking per amazon titlenevertheless but purple red balls purely vegetal scent purple red smell flowery used tea balls never cared but like stayed together however balls expand many little flower particles float water one put bath would clog drain unless flower debris scooped skimmer used blue ball brew tea tasteless also use strainer remove lid pot keep spout cloggingbesides mess lackluster flavor absolutely no brewing instructions no information tea ball flower amazon site list flower balls but not show foil color almost impossible reconcile list front meshame vendor not creating insert package label says inside tea ball flower personally not care probably throw garbagethis not worth price certainly not bath bomb cant see used baking tea tasteless messy no fragrance use bath bomb would romantic ambiance purposes onlyat current price balls comes almost per tea ball,Error,Error
3.0,Very nice clip & hair tie set but clipswill break easily,"This is a very nice set of 6 clips, 10 hair ties, and a case. The clips are strong and do hold a generous amount of hair. I like the non-slippery feeling of the clip itself. The ties are ordinary but still functional. The reason I rated this 3 stars is because I also ordered this same set with the blue clips and tan ties. One of the clips in that order broke immediately which tells me these won't last.<br /><br />The current price of $7.19 is reasonable for this set but just be aware that the clips will break easily because the plastic is not that strong. ",very nice set clips hair ties case clips strong hold generous amount hair like nonslippery feeling clip ties ordinary but still functional reason rated stars also ordered set blue clips tan ties one clips order broke immediately tells wont lastthe current price reasonable set but aware clips break easily plastic not strong,Error,Error
3.0,Very nice clip & hair tie set but clips will break easily; one broke immediately out of the package,"This is a very nice set of 6 clips, 10 hair ties, and a case. I particularly love the blue clips. Unfortunately, the first blue one I tried broke immediately as can be seen in the photo. At least I have one blue left. The clips are strong and do  hold a generous amount of hair. I like the non-slippery feeling of the clip itself. The ties are ordinary but still functional.<br /><br />The current price of $7.99 is reasonable for this set but just be aware that the clips will break easily because the plastic is not that strong. I'm definitely annoyed about the one clip that broke.",very nice set clips hair ties case particularly love blue clips unfortunately first blue one tried broke immediately seen photo least one blue left clips strong hold generous amount hair like nonslippery feeling clip ties ordinary but still functionalthe current price reasonable set but aware clips break easily plastic not strong im definitely annoyed one clip broke,Error,Error
3.0,Helps to detangle my wet hair in the shower but not as good as my Heeta brush,"These brushes are actually like eight combs strung together. I had to set the extra piece that comes with each brush to separate the tines. It was not easy to get the bar across the ""combs"" but eventually I managed. There are only two places the bar should be put and that is where the holes are on the back of the ""brush."" I assembled these brushes on the lower holes. My biggest issue with these brushes is that there are only two holes to lock the bar in place when I prefer four holes like my Heeta detangling brush (product number B0836XT7J8 since the Amazon embedded links are not working).<br /><br />Once this is assembled, it glides through the hair and detangles. It works well on dry hair but even better on wet hair. I love the hard tines as it is like getting a massage on the scalp. The handle provides an okay grip but I would have preferred a silicone grip. Since the combs are separated, this brush can act as a vent brush for blow drying even though it is not of circular design. Hair can be removed easily since the tines are flat with no ""ball"" tip.<br /><br />The only reason I rated this three stars is because of the hard time I had assembling the rod in place on each one, the lack of four holes for a secure fit, and the lack of silicone grip on the handle. Otherwise they work well. The current price of $8.99 is reasonable for two detanglers.",brushes actually like eight combs strung together set extra piece comes brush separate tines not easy get bar across combs but eventually managed two places bar put holes back brush assembled brushes lower holes biggest issue brushes two holes lock bar place prefer four holes like heeta detangling brush product number bxtj since amazon embedded links not workingonce assembled glides hair detangles works well dry hair but even better wet hair love hard tines like getting massage scalp handle provides okay grip but would preferred silicone grip since combs separated brush act vent brush blow drying even though not circular design hair removed easily since tines flat no ball tipthe reason rated three stars hard time assembling rod place one lack four holes secure fit lack silicone grip handle otherwise work well current price reasonable two detanglers,Error,Error
3.0,"Tiny keychain bottles good for hand lotion, sunscreen, hand sanitizer, etc.; too $$$","There are four tiny colorful squeeze bottles in this package that are easy to fill and easy to dispense. I like that they are portable and can hang on a keychain. These can be used for hand lotion, sunscreen, hand sanitizer, etc. However, the caps do open easily so it is possible the contents will be squeezed out inside a purse if there is a lot of movement. Secondly, the current price of $12.99 is way too expensive for what this is. I would not expect this to be priced at more than $6.",four tiny colorful squeeze bottles package easy fill easy dispense like portable hang keychain used hand lotion sunscreen hand sanitizer etc however caps open easily possible contents squeezed inside purse lot movement secondly current price way expensive would not expect priced,Error,Error
5.0,Excellent keychain carriers; 2 spray bottles dispense fine mist; flip top ones only okay – 4.5 stars,"I am highly impressed with this set, particularly the keychain carriers. The carriers are larger than I expected and the tie-dye colors are vibrant and attractive. The pocket in the carrier stretches to accept either the spray bottle or flip top ones.<br /><br />There are six keychains with carabiners and what feels like neoprene carriers. Also included are six flip-top bottles and two pump spray bottles. The pump spray bottles dispense a fine mist depending on what I put into them (perfume, hand sanitizer, etc.). The flip-top bottles can dispense hand sanitizer, hand cream, etc. However, since they are hard, I have to hit the bottle against my hand to dispense any cream as it is not conducive to squeezing.<br /><br />Nevertheless, I can put my own travel bottle (if similarly sized) into these keychain carriers. In addition, I can put in a chapstick, nail clipper, etc.<br /><br />The current price of $9.99 is very reasonable for this set.",highly impressed set particularly keychain carriers carriers larger expected tiedye colors vibrant attractive pocket carrier stretches accept either spray bottle flip top onesthere six keychains carabiners feels like neoprene carriers also included six fliptop bottles two pump spray bottles pump spray bottles dispense fine mist depending put perfume hand sanitizer etc fliptop bottles dispense hand sanitizer hand cream etc however since hard hit bottle against hand dispense cream not conducive squeezingnevertheless put travel bottle similarly sized keychain carriers addition put chapstick nail clipper etcthe current price very reasonable set,Error,Error
4.0,Lightweight moisturizer; absorbs rapidly; leaves skin moderately hydrated; smells lemony,"Even though this is baby lotion, I got this for me. This moisturizer is lightweight, slightly creamy, absorbs rapidly, and leaves my skin moderately hydrated. Since it is lightweight, it is a perfect summer lotion. To my senses, it has a mild lemony fragrance even though that is not listed in the ingredients. This is made of all plant-based ingredients (see photo). The current price of $16 is competitive but pricey for this 6.7 ounce tube.",even though baby lotion got moisturizer lightweight slightly creamy absorbs rapidly leaves skin moderately hydrated since lightweight perfect summer lotion senses mild lemony fragrance even though not listed ingredients made plantbased ingredients see photo current price competitive but pricey ounce tube,Error,Error
5.0,Excellent keychain carriers; 2 spray bottles dispense fine mist; flip top ones only okay – 4.5 stars,"I am highly impressed with this set, particularly the keychain carriers. The carriers are larger than I expected and the flag colors are vibrant, attractive, and patriotic. The pocket in the carrier stretches to accept either the spray bottle or flip top ones.<br /><br />There are six keychains with carabiners and the flag carriers. Also included are six flip-top bottles and two pump spray bottles. The pump spray bottles dispense a fine mist depending on what I put into them (perfume, hand sanitizer, etc.). The flip-top bottles can dispense hand sanitizer, hand cream, etc. However, since they are hard, I have to hit the bottle against my hand to dispense any cream as it is not conducive to squeezing.<br /><br />Nevertheless, I can put my own travel bottle (if similarly sized) into these keychain carriers. In addition, I can put in a chapstick (see photo), nail clipper, etc.<br /><br />The current price of $7.10 is reasonable for this set.",highly impressed set particularly keychain carriers carriers larger expected flag colors vibrant attractive patriotic pocket carrier stretches accept either spray bottle flip top onesthere six keychains carabiners flag carriers also included six fliptop bottles two pump spray bottles pump spray bottles dispense fine mist depending put perfume hand sanitizer etc fliptop bottles dispense hand sanitizer hand cream etc however since hard hit bottle against hand dispense cream not conducive squeezingnevertheless put travel bottle similarly sized keychain carriers addition put chapstick see photo nail clipper etcthe current price reasonable set,Error,Error
4.0,A nice selection of 6 blending sponges; similar to all others I tried,The current price of $7.27 ($10.39 minus 30% off) is a reasonable price for these sponges.<br /><br />This set of six sponges are as good as all other blending sponges of this type that I tried before. One has a flat side for a smoother application. The pointed ends are good for more precision. They feel good in the hands and blend well and also wash well with soap. To me what set of sponges to buy all comes down to the price and the angles one wants on the sponges.,current price minus reasonable price spongesthis set six sponges good blending sponges type tried one flat side smoother application pointed ends good precision feel good hands blend well also wash well soap set sponges buy comes price angles one wants sponges,Error,Error
2.0,Has a spicy aroma; leaves my hair nourished and enhanced my curls (see update),"This shampoo and conditioner travel-size duo (2 ounces each bottle) has a spicy aroma that is neither pleasant nor offensive but not my favorite smell.  The shampoo produces a medium lather and cleans well. The conditioner is creamy and conditions well. When my hair dried, it had a sheen to it and was well nourished and my curls were enhanced.<br /><br />The current price of $14 for this set is expensive. If this had an intoxicating fragrance I liked and was more reasonably priced, I would have loved it. However, this is not a set I would buy at this price.<br /><br />Note that I get about four uses to this set for my short to medium hair.<br /><br />UPDATE 9/22/20 - This only lasted me three uses. However, I had such trouble getting both the remaining shampoo and conditioner (particularly the conditioner) out of the bottle. They need to change this to a squeeze tube. I actually had to fill the bottle with water several times to dislodge the remaining ingredients. Also, the conditioner makes the floor of the shower or tub very slippery (almost as if I put Pledge on a floor).  Based on this, I lowered my ranking from 4 to 2 stars.",shampoo conditioner travelsize duo ounces bottle spicy aroma neither pleasant nor offensive but not favorite smell shampoo produces medium lather cleans well conditioner creamy conditions well hair dried sheen well nourished curls enhancedthe current price set expensive intoxicating fragrance liked reasonably priced would loved however not set would buy pricenote get four uses set short medium hairupdate lasted three uses however trouble getting remaining shampoo conditioner particularly conditioner bottle need change squeeze tube actually fill bottle water several times dislodge remaining ingredients also conditioner makes floor shower tub very slippery almost put pledge floor based lowered ranking stars,Error,Error
3.0,Kid-sized shower caps; best used to cover small serving bowls,"This single layer thin blue shower disposable shower caps are tiny. They are really for a kids head. I can barely get my hair into this. There are 120 (I did not count them) tiny blue slivers that have to be unraveled. Since they are so small,  these would work best to cover the tops of small serving bowls during a picnic to keep the flies away. These are functional but I am not impressed.",single layer thin blue shower disposable shower caps tiny really kids head barely get hair not count tiny blue slivers unraveled since small would work best cover tops small serving bowls picnic keep flies away functional but not impressed,Error,Error
3.0,Too big & too thick for my purpose; emery surface does not last long - 2.5 stars,"I do not care for these emery boards. There are 16 to the package and the boards are triple thickness compared to the standard personal-sized ones I am use to. However, the gritty surface on mine started to wear off after a few swipes of my nails over the board. Emery boards in general do not last long; however, the size and thickness coupled with the limited longevity makes me not like these. They do file the nails but they do not last.",not care emery boards package boards triple thickness compared standard personalsized ones use however gritty surface mine started wear swipes nails board emery boards general not last long however size thickness coupled limited longevity makes not like file nails but not last,Error,Error
4.0,Lightly moisturizing; has a wonderful rose fragrance; left my face silky,"Surprisingly, I really like this mask. I already tried their [[ASIN:B07VQY9ZP2 WeeklyPoint Cosmetic Saffron mask sheet]] and found it to be very messy and just okay. This one is less messy.<br /><br />There are ten individually wrapped masks in this package. The instructions are in broken English but still easy to understand. I applied this mask to my clean face -- there are holes for eyes, nose, and mouth. It was somewhat wet but not dripping wet as their other mask. I prefer less solution, so this was perfect. I let it stay on for exactly 20 minutes and then removed the mask and wiped off the excess. My face felt moisturized and silky. I reveled in the soft rose fragrance the entire time.  However, the claims that it brightens the skin and protects them from wrinkles is unfounded in my opinion. On the other hand, the rose fragrance is calming and wonderful and the moisturizing effect is silky and these are my two favorite traits of this moisturizing sheet.<br /><br /> ",surprisingly really like mask already tried asinbvqyzp weeklypoint cosmetic saffron mask sheet found very messy okay one less messythere ten individually wrapped masks package instructions broken english but still easy understand applied mask clean face holes eyes nose mouth somewhat wet but not dripping wet mask prefer less solution perfect let stay exactly minutes removed mask wiped excess face felt moisturized silky reveled soft rose fragrance entire time however claims brightens skin protects wrinkles unfounded opinion hand rose fragrance calming wonderful moisturizing effect silky two favorite traits moisturizing sheet,Error,Error
1.0,Flexible plastic garbage with pick ends like scaled down hammer claws,"This pick is absolutely terrible. It is made of flexible plastic that is easily breakable and the pick ends are so thick, they are like scaled down hammer claws that do nothing to scrap the teeth. It went right in the trash.",pick absolutely terrible made flexible plastic easily breakable pick ends thick like scaled hammer claws nothing scrap teeth went right trash,Error,Error
1.0,I'm FURIOUS - shampoo bottle DOES NOT OPEN; conditioner is nice,"This comes as a set and no matter what I do, the shampoo bottle will not open. This absolutely infuriates me. I was able to open the conditioner.  I removed plastic seal on the top of both bottles and turned as specified on the bottle. I spent 10 minutes trying to open the shampoo. Unless I take a hammer and chisel to it or an exacto knife, I can't use the shampoo.<br /><br />The conditioner is nice and has a subtle fresh aroma but without the pair, this is zero stars to me when I cannot get to the product.",comes set no matter shampoo bottle not open absolutely infuriates able open conditioner removed plastic seal top bottles turned specified bottle spent minutes trying open shampoo unless take hammer chisel exacto knife cant use shampoothe conditioner nice subtle fresh aroma but without pair zero stars cannot get product,Error,Error
4.0,Versatile set of four combs that look and feel like plastic,"This is a nice set of combs--one wide-tooth and one sort of fine-tooth with two regularly-spaced ones. I know others mentioned that they found the combs to be sharp on the edges when combing. The one wide-tooth comb has blunted tines but the other three have pointed tines. However, those pointed tine ones were not sharp on my scalp. I have short to medium fine curly hair and these passed through my hair easily (wet or dry) and I did not feel scratched. I actually like the points massaging my scalp because on the combs I received, they were not super sharp.<br /><br />Unfortunately, I cannot tell if this set is wooden as it claims. It is possible they are wooden but because they are highly polished, they feel and look like plastic. I attend craft shows and it is possible to get a plastic feel and look to wood, so unless I broke one of the combs in half (which I am unwilling to do), I cannot tell. I still think the current price of $9.99 is reasonable even they are plastic.",nice set combsone widetooth one sort finetooth two regularlyspaced ones know others mentioned found combs sharp edges combing one widetooth comb blunted tines but three pointed tines however pointed tine ones not sharp scalp short medium fine curly hair passed hair easily wet dry not feel scratched actually like points massaging scalp combs received not super sharpunfortunately cannot tell set wooden claims possible wooden but highly polished feel look like plastic attend craft shows possible get plastic feel look wood unless broke one combs half unwilling cannot tell still think current price reasonable even plastic,Error,Error
4.0,Nine cloth-covered headbands in muted 60’s type colors/styles,"These headbands remind of Woodstock and the 60's. They are headbands the flower children would wear. The colors are muted but are perfect for casual wear. The black bands (one beaded and one not) are suitable for both business and casual attire.<br /><br />These are about two inches wide and do feel relatively comfortable on. Note that the beaded bands are a bit bouffanty due to the thickness of the cloth with the extra height of the beads. Unfortunately, these are not my style. If one is in the market for this type of accessory, they are fully functional with a little bit of statement. The cloth is wrapped securely around the outer edge of the band and appears they will last a while. The current price of $16.99 is reasonable for this set.",headbands remind woodstock headbands flower children would wear colors muted but perfect casual wear black bands one beaded one not suitable business casual attirethese two inches wide feel relatively comfortable note beaded bands bit bouffanty due thickness cloth extra height beads unfortunately not style one market type accessory fully functional little bit statement cloth wrapped securely around outer edge band appears last current price reasonable set,Error,Error
4.0,Relatively strong water flosser but reservoir is attached which makes drying it nearly impossible,"I have used various countertop water flossers in the past such as the countertop WaterPik and the [[ASIN:B07HRNGS3Q Truwell Handheld Water Flosser]].  I love the idea of a hand held irrigator and this does work to remove most stuck debris from between the teeth. What is nice about this one over the other handheld I tried, is that there is very little splash back. However, I personally do not like that the reservoir is not removable for drying.<br /><br />IN THE PACKAGE<br />- One reservoir attached to handheld flosser unit<br />- One USB cable (wall adapter NOT included)<br />- One instruction manual<br />- One standard jet nozzle<br />- One orthodontic nozzle (larger brush)<br />- One pocket nozzle (smaller brush)<br />- One tong scraping nozzle (what looks like a spoon)<br /><br />I charged the unit fully before use. The white light on the side blinks when charging and remains steady when it is fully charged. Note the charging port is hidden behind a silicone nub below the grip dots on the top of the unit. Be careful to cover the charging port with this nub when the flosser is in use.<br /><br />There is an on/off switch and a mode switch. The three water pressure modes are soft, standard, and massage can be cycled through using the mode switch prior to turning the unit on. The jet tip (or any of the other three tips) gets inserted into the top. Be careful to make sure it is seated with the notch in the groove as the first time I put it in the hole, I did not have it seated all the way. To eject, press the release button to the left side.<br /><br />The reservoir IS NOT removable. Instead water enters through the small opening on bottom through which one has to fill the unit. I do not like that the reservoir is attached as I have to drain the remaining water out of that hole and leave the door open for drying. Also, the little button through which the water enters can easily break after lots of use. I personally would prefer not to have to use that hole.<br /><br />I held my mouth almost totally closed during use and tried all three modes. I did not have splash back, which was very nice. Splash back is usually typical of almost any type of water flosser so to some extent I was surprised. This flosser does work to dislodge most debris between teeth but not everything because it is not super powerful but is powerful enough. I am also impressed that the manual is relatively well written; kudos to the manufacturer on this. Normally, I feel as if I am reading Pig Latin when I receive products from China or other countries.<br /><br />In summary, my biggest disappointment with this unit is the attached reservoir that prevents me from drying this out easily.",used various countertop water flossers past countertop waterpik asinbhrngsq truwell handheld water flosser love idea hand held irrigator work remove stuck debris teeth nice one handheld tried very little splash back however personally not like reservoir not removable dryingin package one reservoir attached handheld flosser unit one usb cable wall adapter not included one instruction manual one standard jet nozzle one orthodontic nozzle larger brush one pocket nozzle smaller brush one tong scraping nozzle looks like spooni charged unit fully use white light side blinks charging remains steady fully charged note charging port hidden behind silicone nub grip dots top unit careful cover charging port nub flosser usethere onoff switch mode switch three water pressure modes soft standard massage cycled using mode switch prior turning unit jet tip three tips gets inserted top careful make sure seated notch groove first time put hole not seated way eject press release button left sidethe reservoir not removable instead water enters small opening bottom one fill unit not like reservoir attached drain remaining water hole leave door open drying also little button water enters easily break lots use personally would prefer not use holei held mouth almost totally closed use tried three modes not splash back very nice splash back usually typical almost type water flosser extent surprised flosser work dislodge debris teeth but not everything not super powerful but powerful enough also impressed manual relatively well written kudos manufacturer normally feel reading pig latin receive products china countriesin summary biggest disappointment unit attached reservoir prevents drying easily,Error,Error
5.0,"These sponges are great for blending & highlighting, particularly with creams","I purchased these type sponges before and I find them great to work with. I like to use the flat end to blend and the pointed end to highlight around the eyes or cheeks. I do find liquid foundation sink in a bit so I use these mostly with creams and some powders. Overall, these are just as good as the sponges from several other vendors I have tried in the past and these are competitively priced at the current price of $10.99 for four. I also love the four color variety.",purchased type sponges find great work like use flat end blend pointed end highlight around eyes cheeks find liquid foundation sink bit use mostly creams powders overall good sponges several vendors tried past competitively priced current price four also love four color variety,Error,Error
4.0,Vibrant mostly shimmery colors more for women with a darker complexion,"I wish I could wear these colors but most of them are too deeply hued for my fair complexion. I tried several of the colors and many make my eyes look swollen and puffy as if I had an eye infection. If I had olive or brown skin, I think these colors would look awesome. The only colors I was able to wear in this pallet are the pearl, volcano, bronze, sunset, 24k, and ash. I absolutely love the shimmer on many of these. I like that the ""compact pallet holder"" has a magnetic closure. Eye applicators have to be purchased separately.  Despite this, I think $7.88 is a great price for this selection. The colors that I did apply stayed put all day.<br /><br />The 15 colors starting from top row left to right and working down are:<br />- copper<br />- cinnamond<br />- pearl<br />- golden<br />- bronze<br />- volcano<br />- sunset<br />- pumpkin<br />- 24k<br />- moch<br />- fleshy<br />- mermaid<br />- rose<br />- ash<br />- ginger",wish could wear colors but deeply hued fair complexion tried several colors many make eyes look swollen puffy eye infection olive brown skin think colors would look awesome colors able wear pallet pearl volcano bronze sunset k ash absolutely love shimmer many like compact pallet holder magnetic closure eye applicators purchased separately despite think great price selection colors apply stayed put daythe colors starting top row left right working copper cinnamond pearl golden bronze volcano sunset pumpkin k moch fleshy mermaid rose ash ginger,Error,Error
3.0,This flat iron gave me mild straightening results; plates have too much space between them,"[[VIDEOID:e487d57bdd82c5405085efb372c8fecd]]<br />This straightener is a nice metallic black and comes with a thin storage sleeve. There is a tiny instruction pamphlet included.<br /><br />The flat iron feels good in my hands. I like that the cord swivels at the base so that it does not tangle.<br /><br />This did an okay job on my hair. I have fine medium length hair and this mostly relaxed my curls so that my hair was more wavy that fully flat. I set the temperature to 300 for fine hair. I also tried 350.<br /><br />There are several things that make this iron just okay for me. First, it is weird to have the temperature controls between the flat iron blades. There is a constant temperature key and also temperature plus and minus keys, in case the constant temperature key is not set.<br /><br />The power button should be pressed to start setting the temperature and then when the LCD stops flashing, it has reached that temperature. Then the power button has to be pressed again so that the light in the middle of the plate lights up.<br /><br />The plates have some space between them and they are offset a bit from each other which is the biggest annoyance to me. I guess this is why it straightened my hair only so much. This is not a bad flat iron but it is not perfect either.",videoidedbddcefbcfecdthis straightener nice metallic black comes thin storage sleeve tiny instruction pamphlet includedthe flat iron feels good hands like cord swivels base not tanglethis okay job hair fine medium length hair mostly relaxed curls hair wavy fully flat set temperature fine hair also tried several things make iron okay first weird temperature controls flat iron blades constant temperature key also temperature plus minus keys case constant temperature key not setthe power button pressed start setting temperature lcd stops flashing reached temperature power button pressed light middle plate lights upthe plates space offset bit biggest annoyance guess straightened hair much not bad flat iron but not perfect either,Error,Error
1.0,"Cheap, flimsy, cosmetic bag that has limited hanging options and is not worth consideration in my opinion","I am sorry I ordered this bag and am very disappointed. It's cheap, flimsy, and holds light items. Items have a tendency of tilting outward in the pockets depending on the size of the item and are at risk of falling out. The detachable clear plastic tote at the bottom is a nice touch, but that is about it. The zippers are sticky.<br /><br />In my opinion this cosmetic / travel organizer will not last at all. My biggest complaint is the hook for hanging. It is not a full-size hanger hook so there are a limited number of places to hang this. It can be hung on a wire shelf with holes (like a shower caddy or closet with wire inserts) but it does not hang on a shower rod or on a closet rod or any rod much thicker than a finger.<br /><br />This cosmetic bag is not even worth consideration in my opinion.",sorry ordered bag very disappointed cheap flimsy holds light items items tendency tilting outward pockets depending size item risk falling detachable clear plastic tote bottom nice touch but zippers stickyin opinion cosmetic travel organizer not last biggest complaint hook hanging not fullsize hanger hook limited number places hang hung wire shelf holes like shower caddy closet wire inserts but not hang shower rod closet rod rod much thicker fingerthis cosmetic bag not even worth consideration opinion,Error,Error
5.0,One of best volumizing shampoos for my fine wavy hair; leaves my hair fuller and curly,I purchased the shampoo at CVS several months ago and I absolutely love it. I have fine wavy hair and this shampoo really brings out those curls. I would definitely purchase again. I have not tried their conditioner yet but will some day soon.,purchased shampoo cvs several months ago absolutely love fine wavy hair shampoo really brings curls would definitely purchase not tried conditioner yet but day soon,Error,Error
4.0,LumaRx facial cleaning brush is like a Sonicare ElectricToothbrush for the face,"After moistening my face and the brush heads with water, I tested the sensitive and normal heads with both soap and [[ASIN:B01648QDS4 L'Oreal Paris Age Perfect Facial Cream Cleanser, 5 Fluid Ounce]] and the massaging head with water alone. After a one-minute &#34;application&#34; with any one of the brushes, I love how smooth and clean this makes my face feel.<br /><br />The packages includes:<br /><br />- three brush heads (sensitive, normal, and massage) and their covers which have air vents to hasten drying<br />- one charging base with power cord<br />- one brush wand that operates at 3 speed levels<br />- one white plastic zippered travel case<br />- one instruction pamphlet<br /><br />PROS:<br /><br />- The wand contains a rechargeable battery that last for 30 uses. The first charge takes up to six hours.  It also has a 30 minute fast-charge feature that will provide 4-5 uses. By the way, I love the charging light on the base; it has a &#34;cool&#34; factor to it.<br /><br />- There's a one minute timer that has what I call a &#34;tripacer&#34; (like Sonicare's quadpacer) timer built in for each of the three zones of the face. These zones are the T zone, left side, and right side. What this means is that the unit pauses ever so slightly ever twenty seconds to let the user know when it's time to move on to the next zone so that the cleaning time can be distributed evenly among zones.<br /><br />- None of the three brushes were rough or extremely abrasive. The rotating and vibrating brush heads were as gentle as could be and I have sensitive skin.<br /><br />- The wand with brush can be used in the shower as long as it's not fully submerged in water.<br /><br />- This can be used to remove cosmetics.<br /><br />- The unit comes with a 2-year limited warranty.<br /><br />CONS:<br /><br />- Although these brushes remove make-up effectively, I personally only like to use this on the days I do not wear makeup. The reason is that the eye area has to be avoided. I use eye makeup so I wind up washing my entire face with my hands instead as it does not make sense to me to use a brush on only part of my face.<br /><br />- There are a lot of don'ts in the manual like don't submerge in water, don't use around the eyes, don't use if you are taking steroid-based medication, don't operate outdoors or where there are aerosol products or oxygen being administered, etc.<br /><br />- If used daily at no more than the maximum two times per day, the brush heads need to be replaced  every three months. The Massaging head (since it doesn't not have bristles) can be replaced every six months. This can get expensive. I contacted the company for the replacement price and they said they would let me know when it's orderable on Amazon. I will update the comments section of this review with that information when I receive it.<br /><br />- The battery on this unit is NOT replaceable as per the email from them which I posted in the comments section of this review.<br /><br />At first I questioned why would I need such a facial cleansing tool. After using this, however, I realized that I love how it makes my face feel so clean and smooth. This is not a tool I would use more than twice per week since I really hate using this to remove makeup, however, it's so gentle on my skin that I look forward to the cleansing action, mildly exfoliating properties, and the light massage it provides me all without the use of a chemical masque.",moistening face brush heads water tested sensitive normal heads soap asinbqds loreal paris age perfect facial cream cleanser fluid ounce massaging head water alone oneminute application one brushes love smooth clean makes face feelthe packages includes three brush heads sensitive normal massage covers air vents hasten drying one charging base power cord one brush wand operates speed levels one white plastic zippered travel case one instruction pamphletpros wand contains rechargeable battery last uses first charge takes six hours also minute fastcharge feature provide uses way love charging light base cool factor theres one minute timer call tripacer like sonicares quadpacer timer built three zones face zones zone left side right side means unit pauses ever slightly ever twenty seconds let user know time move next zone cleaning time distributed evenly among zones none three brushes rough extremely abrasive rotating vibrating brush heads gentle could sensitive skin wand brush used shower long not fully submerged water used remove cosmetics unit comes year limited warrantycons although brushes remove makeup effectively personally like use days not wear makeup reason eye area avoided use eye makeup wind washing entire face hands instead not make sense use brush part face lot donts manual like dont submerge water dont use around eyes dont use taking steroidbased medication dont operate outdoors aerosol products oxygen administered etc used daily no maximum two times per day brush heads need replaced every three months massaging head since doesnt not bristles replaced every six months get expensive contacted company replacement price said would let know orderable amazon update comments section review information receive battery unit not replaceable per email posted comments section reviewat first questioned would need facial cleansing tool using however realized love makes face feel clean smooth not tool would use twice per week since really hate using remove makeup however gentle skin look forward cleansing action mildly exfoliating properties light massage provides without use chemical masque,Error,Error
5.0,Must buy,"Works great for rhinestoning, made the process faster than the previous tools I’ve used",works great rhinestoning made process faster previous tools ive used,Error,Error
5.0,Made an impressionable impact.. great for teen boys!,"This was a lifesaver for our son with an acne issue! Being a 17yr. old boy who was feeling the high school inferiority angst at a time in life thats rough enough.. bc duh, it’s High School!! He hoped for a solution to improve his condition and give a boost to his confidence. We ended at a dermatologist who gave us a regiment of:<br />1. wipe the counter clean of all gimmicks/products<br />2. use a dye/scent free soap and water x2 daily<br />3. follow up with clindamycin 1% to dab on larger<br />  trouble spots ONLY..!!<br />So, on our way to where we wanted to go... improvement was ours in leaps and bounds. Then, Covid... Then, the mask mandate!! Soon after we developed a sort of acne/rash on bridge of nose and around mouth 2” due to synthetic material where the mask touches the face. Dr. said mask was compromising the skins ability to breathe and would subside after mandate lifted. Only, attending school x5 days a week 100% fully masked- didn't give skin any reprieve and with no end in sight, I went seeking help for acne irritation.<br /><br />As of now, we’re on the 25th day of Geologie’s 30 day regiment and I am so grateful we found this product. TBH, I personally didn't realize the extent of red, blotchy and puffiness this irritation had brought his poor skin.. until after using approx. 5 days- when we noticed a decrease in the puffy/red that had gradually appeared. Over the last 2wks- it has been clearing things up a little at a time and things seem less inflamed and aggravated. What I’m most impressed with- this hasn’t caused excess breakout like many other products in the past had done and I’m sure it’s bc, of the compound. Nor, has it left skin overly dry.. and both of these are huge!! I’m not even sure how it does it, maybe it’s witchcraft?! For comparison: a BFF uses Proactiv (as seen on TV!) with her 2 son’s for past x3 months and I’m actually surprised the results we had seem similar but, in a lot less time!?<br /><br />The 2 bottles of product are easily identified and instructions are simple easy and straightforward- x1 AM/PM. I applaud the packaging as it doesn’t have a feminine vibe, nothing “fu-fu-“ to turn teen boys away from using “girl stuff!” Trust me, I’ve gone this route before- and it does matter to some! This is a non offensive clean smell and the product itself dissipates/absorbs into the skin easily after application. A few suggestions I have: leave out on bathroom counter to remind one to use daily, use fresh pillowcase every few days to keep any excess bacteria away, wash mask daily if poss. while this mandate applies.. and most of all- keep your hands away! Easier for adults- harder for teens.<br /><br />As with any product there are many factors to it success.. and for obvious reasons. I can’t promise it will cure all issues but, I feel confident in saying you can expect improvement (if not extinct..) end results. I’m so happy to have found this and will be looking into the entire product line for future maintenance use. Sorry so long winded.. I wanted to include details for any in a similar situation- I am hoping this info. may be helpful to someone else in need.. Be safe.",lifesaver son acne issue yr old boy feeling high school inferiority angst time life thats rough enough bc duh high school hoped solution improve condition give boost confidence ended dermatologist gave us regiment wipe counter clean gimmicksproducts use dyescent free soap water x daily follow clindamycin dab larger trouble spots onlyso way wanted go improvement leaps bounds covid mask mandate soon developed sort acnerash bridge nose around mouth due synthetic material mask touches face dr said mask compromising skins ability breathe would subside mandate lifted attending school x days week fully masked didnt give skin reprieve no end sight went seeking help acne irritationas th day geologies day regiment grateful found product tbh personally didnt realize extent red blotchy puffiness irritation brought poor skin using approx days noticed decrease puffyred gradually appeared last wks clearing things little time things seem less inflamed aggravated im impressed hasnt caused excess breakout like many products past done im sure bc compound nor left skin overly dry huge im not even sure maybe witchcraft comparison bff uses proactiv seen tv sons past x months im actually surprised results seem similar but lot less timethe bottles product easily identified instructions simple easy straightforward x ampm applaud packaging doesnt feminine vibe nothing fufu turn teen boys away using girl stuff trust ive gone route matter non offensive clean smell product dissipatesabsorbs skin easily application suggestions leave bathroom counter remind one use daily use fresh pillowcase every days keep excess bacteria away wash mask daily poss mandate applies keep hands away easier adults harder teensas product many factors success obvious reasons cant promise cure issues but feel confident saying expect improvement not extinct end results im happy found looking entire product line future maintenance use sorry long winded wanted include details similar situation hoping info may helpful someone else need safe,Error,Error
5.0,Works on every level...,"So, for a man who thinks his looks strike a resemblance to that of Anderson Cooper.. (bc, of the devilishly handsome silver fox short crew cut) mixed with a longer (3/4”) faux-hawk frontal vibe.. this is a great product to work with this style as it complements the cut really well! As one who’s always used hair gel (daily x30+ yrs!) it’s hard to find one we have not tried. Bold Men casual- sold just under $20 for 3.3oz. Is a higher price point so, the expectations were high and happy to say, this came through impressively.<br /><br />This gel has an ability to last thru the day without becoming razor sharp quills nor, a crusty-crumbly flake after a full day of wear in tear. Being one who prefers a touchable hold (the hardest combo to find btw!!) this gives that to you.. We found, unlike cheaper store bought brands- less is more! (too much will weigh down the hair) **A trick of the trade for any who want to accomplish short spikes- use less product!!<br /><br />Best results came from using no more than  a nickel size amount onto towel (50%) dried hair.. and finger combing into place. The hold stays movably put.. performing better then ever expected- yay!! TBH, this may take getting used too.. IF, you’re norm is the “frozen gel look!” Hack: one can finger style hair into place with this- then, use blow dryer on a lower setting for just a moment.. it will expedite the setting process- giving specific direction to the final look. (A convertible would do the same but.. not sure It’s feasible in winter ha ha!)<br /><br />Product is thick yet, offers just enough slip to give you pliability to style before it settles. Note: color is clear… It’s just the container that is black! After hair is set, this absorbs vs. shellacs to the hair- letting hair have movement and touchable texture.. The scent is nice with a masculine appeal And after 3wks. of daily application we’ve used approx. a tad over 1/4 of content (to give you an idea how long it will last..) thus far, washing daily we’ve noticed no unwanted build up.. which is also a big deal- as this can lead to flakes/Dandruff..!! A good shampoo scrub removes product easily enough.. and paired with daily conditioner, it’s not over-drying to the hair. Making the $ seem worth all the quality benefits.<br /><br />This is a top quality higher end product that best fits those who have a moveable set style they like their hair to maintain throughout the day.. this can achieve the desired look and look fantastic- and does so, without all the unwanted side effects that can come with daily use of hair gel.. I hope this info can help your decision… Feel free to let me know!",man thinks looks strike resemblance anderson cooper bc devilishly handsome silver fox short crew cut mixed longer fauxhawk frontal vibe great product work style complements cut really well one whos always used hair gel daily x yrs hard find one not tried bold men casual sold oz higher price point expectations high happy say came impressivelythis gel ability last thru day without becoming razor sharp quills nor crustycrumbly flake full day wear tear one prefers touchable hold hardest combo find btw gives found unlike cheaper store bought brands less much weigh hair trick trade want accomplish short spikes use less productbest results came using no nickel size amount onto towel dried hair finger combing place hold stays movably put performing better ever expected yay tbh may take getting used youre norm frozen gel look hack one finger style hair place use blow dryer lower setting moment expedite setting process giving specific direction final look convertible would but not sure feasible winter ha haproduct thick yet offers enough slip give pliability style settles note color clear container black hair set absorbs vs shellacs hair letting hair movement touchable texture scent nice masculine appeal wks daily application weve used approx tad content give idea long last thus far washing daily weve noticed no unwanted build also big deal lead flakesdandruff good shampoo scrub removes product easily enough paired daily conditioner not overdrying hair making seem worth quality benefitsthis top quality higher end product best fits moveable set style like hair maintain throughout day achieve desired look look fantastic without unwanted side effects come daily use hair gel hope info help decision feel free let know,Error,Error
4.0,Perfect for skin + hair on newborns- great ethnic option!!,"This was a great product made to be helpful For moisturizing but, also being sensitive enough for use on a newborns skin. The baby i had ordered this for, has a unique combo- half Icelandic and half African… Creating skin mixture that needs very delicate and natural products that still can provide plenty of moisture. This product delivered!!<br /><br />After noticing a few dry spots on baby skin, I did some research on how to re-capture moisture necessary.. my concern was a bit of cradle cap and the use of Emelia’s baby bath oil on the scalp. Not only was it very sensitive and user-friendly, it took care of the issue within a few days.. The other concern was the possibility of getting product in babies eyes, if added to the overall bathwater.. of course, I used my best efforts to keep this from happening- but, I found dipping washcloth into the water and wiping off face… Absolutely caused zero problems- I was totally surprised and impressed!!<br /><br />Knowing the African culture needs a bit of moisturizer in skin care as well as hair care… This has covered both needs in just this one product. I’m certain as this newborn grows we may need to adjust course and add more specific hair care regiment. As for now, this is doing just fine- and best of all leaves baby smelling amazing!!<br /><br />So, if looking for a product that is gentle enough to use on a newborn… That has taken the precautions to keep their skin safe… Using only natural products- and has the ability to moisturize and even clear up cradle cap.. just a few drops of this to the bathwater- can handle the trouble spots no problem.. loving it!!",great product made helpful moisturizing but also sensitive enough use newborns skin baby ordered unique combo half icelandic half african creating skin mixture needs very delicate natural products still provide plenty moisture product deliveredafter noticing dry spots baby skin research recapture moisture necessary concern bit cradle cap use emelias baby bath oil scalp not very sensitive userfriendly took care issue within days concern possibility getting product babies eyes added overall bathwater course used best efforts keep happening but found dipping washcloth water wiping face absolutely caused zero problems totally surprised impressedknowing african culture needs bit moisturizer skin care well hair care covered needs one product im certain newborn grows may need adjust course add specific hair care regiment fine best leaves baby smelling amazingso looking product gentle enough use newborn taken precautions keep skin safe using natural products ability moisturize even clear cradle cap drops bathwater handle trouble spots no problem loving,Error,Error
5.0,Nice Smell,"Yes, it does smell good...",yes smell good,Error,Error
5.0,Tried many brands in the past and this one is the best we've used,We've been using their products for over 5 years now and it IS one of the best.,weve using products years one best,Error,Error
4.0,Pretty good for the price,Easy to use. I suggest using the one you like least first because I messed the first ones up. Make sure not to run any hot water over them for quit some time. Other than that the second patches I used stayed on for about 3 days until I noticed chips.,easy use suggest using one like least first messed first ones make sure not run hot water quit time second patches used stayed days noticed chips,Error,Error
3.0,works for now.,"Flushes the residual food particles like a ToTo toilet flushes.  Off the bat this works excellently, and it is when you recharge them that they just stop working.  I have recharged this once now, and so far so good, but this isn't my first purchase.  Whilst it is works, it is a powerful addition to self care.",flushes residual food particles like toto toilet flushes bat works excellently recharge stop working recharged far good but isnt first purchase whilst works powerful addition self care,Error,Error
5.0,really liked that the product didn't have greasy or heavy feel ...,"Starters, I LOOOOOOOOVE tea tree scent, strong, but not overpowering or nasty in synthetic way.  As conditioner, really liked that the product didn't have greasy or heavy feel as I applied it to my hair.  Nice smoothness after drying, liked the feel,of my hair, but no major fragrance afterwards, which I like.  Treats my scalp in good condition too.",starters loooooooove tea tree scent strong but not overpowering nasty synthetic way conditioner really liked product didnt greasy heavy feel applied hair nice smoothness drying liked feelof hair but no major fragrance afterwards like treats scalp good condition,Error,Error
1.0,One Star,it's missing bristles and it's splintered on the back! i found one at target for $5.,missing bristles splintered back found one target,Error,Error
5.0,Great fit,Perfect fit and perfect quality.,perfect fit perfect quality,Error,Error
5.0,Will purchase again,"Love this stuff, works well, nice light scent. Decent size bottle, good price.",love stuff works well nice light scent decent size bottle good price,Error,Error
5.0,Super Pore Strips,"These work really well. These are better than Biore strips. They are a little difficult to get off the clear sheet, but they stick well and they really clean the pores.",work really well better biore strips little difficult get clear sheet but stick well really clean pores,Error,Error
5.0,Diamonds,"I usually use the orange Real Techniques makeup sponge. The diamond sponge is pretty much the same, just a different color and shape. The diamond is much cuter. However, the orange sponge is an overall better shape. I mean, this one will do, but the hard cut edges vs. soft curves make it a little less of an ideal shape for use. But it makes up for that in being really cute.",usually use orange real techniques makeup sponge diamond sponge pretty much different color shape diamond much cuter however orange sponge overall better shape mean one but hard cut edges vs soft curves make little less ideal shape use but makes really cute,Error,Error
5.0,Great,Happy I can still find these for my mom good quality,happy still find mom good quality,Error,Error
5.0,Size and price would have gotten has five stars,I love holographic nail polish does it work definitely the only issues I really have with it the price and the size of the bottle there really is no reason for it to be in such a small bottle,love holographic nail polish work definitely issues really price size bottle really no reason small bottle,Error,Error
1.0,Not so great,Just nail polish despite numerous attempts just will not put the cat by Design on in anything that is almost so faded you cannot forget it cannot be blamed on the magnets because I have probably close to 25 magnets and I have run into the same problem with all of them follow the instructions to a T and it's always very very faded,nail polish despite numerous attempts not put cat design anything almost faded cannot forget cannot blamed magnets probably close magnets run problem follow instructions always very very faded,Error,Error
1.0,Grumbles,And here we have another product that I am still not thrilled with your hair and your hair is close to yourself and what happens when the plastic cap comes off the end and the metal snap and now you have a big chunk of metal poking you in the head yeah I'm not happy at all I have not even contacted the vendor because I don't want sound mean to them how upset I am with the quality that is not here. Replacement would be nice,another product still not thrilled hair hair close happens plastic cap comes end metal snap big chunk metal poking head yeah im not happy not even contacted vendor dont want sound mean upset quality not replacement would nice,Error,Error
1.0,Do not purchase,Terrible quality. Did not even last 18hours.,terrible quality not even last hours,Error,Error
4.0,A Nice Little Intro Set,We mostly use essential oils in diffusers with only a little concern for holistic effects.  But we do run peppermint and lavender for stress relief.  We have been very happy with these in the diffuser.  They smell great and come in nice little bottles.  It would be a great little gift set although the box is not overly ornate.  I can't really do better to describe it than to say it is a decent intro set.,mostly use essential oils diffusers little concern holistic effects but run peppermint lavender stress relief very happy diffuser smell great come nice little bottles would great little gift set although box not overly ornate cant really better describe say decent intro set,Error,Error
4.0,"A Very Good Polish, But we like Essie's Gel Couture Line even better!","We discovered Essie nail polish a while ago and it quickly became my partners favorite.  But that was the Gel Couture line which has been known to stand up to entire canoe trips into Minnesota's Boundary Waters.  This is truly good nail polish, but as she says, &#34;this is more for people who do their nails daily or at least don't expect it to last through a hike.&#34;<br /><br />We did like the Let it Glow Pink color, and we like the brand, but they set their own bar high.  This is definitely a good polish, just their other line is better.",discovered essie nail polish ago quickly became partners favorite but gel couture line known stand entire canoe trips minnesotas boundary waters truly good nail polish but says people nails daily least dont expect last hikewe like let glow pink color like brand but set bar high definitely good polish line better,Error,Error
5.0,"Strong, Hard Working Deoderant","This deodorant has a fairly strong scent that lasts a long time. I haven't notice any staining on any of my tshirts and have been using it consistently for about 5 weeks. If I had anything critical to say about this product, it might be a little too strongly scented, but it works and I've been happy with it.",deodorant fairly strong scent lasts long time havent notice staining tshirts using consistently weeks anything critical say product might little strongly scented but works ive happy,Error,Error
1.0,Doesn’t look natural.,It looks awkward when put on your head and it’s a lot shorter and curlier than it’s advertised. You also have to style it yourself.,looks awkward put head lot shorter curlier advertised also style,Error,Error
5.0,Five Stars,I really like the product and have been searching for other colors.,really like product searching colors,Error,Error
3.0,Was this product used previously?,One of the tubes seem to be a less full than the other two and the wrapping around all 3 is coming unglued,one tubes seem less full two wrapping around coming unglued,Error,Error
5.0,Very soft and pretty!,"I absolutely love this wig! It is sooooo soft and it looks and feels real! It's easy to install. I love the packaging it came in which included eyelashes(thank you)! The box is very nice, durable and reusable. I'm a sucker for reusing nice packaging to store my wig when I'm done with it for a little while. I highly recommend this wig and this brand!",absolutely love wig sooooo soft looks feels real easy install love packaging came included eyelashesthank box very nice durable reusable im sucker reusing nice packaging store wig im done little highly recommend wig brand,Error,Error
4.0,Good value and quality shower sponge,"The shower sponges are just slightly smaller than the average ones sold, however, I'm sure with daily use they will expand fine.  So far, so good.  Sent in a zip-lock style bag to maintain cleanliness, nice touch.  No choice as to colors, but I received two green, two purple and two blue, with a traditional rope loop for hanging. Pleased with purchase, will update once we've used one for a length of time.",shower sponges slightly smaller average ones sold however im sure daily use expand fine far good sent ziplock style bag maintain cleanliness nice touch no choice colors but received two green two purple two blue traditional rope loop hanging pleased purchase update weve used one length time,Error,Error
5.0,These bottles are beautiful cobalt blue bottles,"I purchased these items for creating essential oils products for cleaning, health, and first aid.  These bottles are beautiful cobalt blue bottles, and the perfect size to fit into medicine cabinet. I love that they came with labels.",purchased items creating essential oils products cleaning health first aid bottles beautiful cobalt blue bottles perfect size fit medicine cabinet love came labels,Error,Error
3.0,Well Made.,"This is just okay for what I needed it for.  I know the ridge around it has a purpose, but, for me it didn't work.  However, I find that is  well made.  I am using it to set my potted plants on.  I ordered it for shoes, but, I also think it needs to be a little heavier for that.",okay needed know ridge around purpose but didnt work however find well made using set potted plants ordered shoes but also think needs little heavier,Error,Error
5.0,Works!!!,"This doesn’t leave my hair as soft and moisturizing as the mask, but works great.",doesnt leave hair soft moisturizing mask but works great,Error,Error
5.0,Five Stars,"Wonderful for skin and hair, really works!!!",wonderful skin hair really works,Error,Error
5.0,Nude #102+Buff Beige #104,"Excellent color for my fair skin. The Nude color is just right in winter months, the Buff Beige for the summer months. Applies easily and absorbs and drys quickly.<br /><br />The primer was a delightful surprise that my skin loved.<br /><br />The sponges were playful but clunkier and firmer than I like.<br /><br />The plastic tote is a nice idea but I didn't care for how cheap it looked and felt.",excellent color fair skin nude color right winter months buff beige summer months applies easily absorbs drys quicklythe primer delightful surprise skin lovedthe sponges playful but clunkier firmer likethe plastic tote nice idea but didnt care cheap looked felt,Error,Error
5.0,Gift Worthy,Not only does the soap feel like luxury on the skin it looks like luxury. I am very happy the scent is subtle and unique. The lather is rich and rinses clean. Don't miss this.,not soap feel like luxury skin looks like luxury very happy scent subtle unique lather rich rinses clean dont miss,Error,Error
5.0,Love the lite Vanilla Scent,"You could use this as a hand soap as well as a wash to use in the shower. Washes away easily, lathers up nicely and comes in a attractive plastic bottle that is good enough for company. I could not be happier.",could use hand soap well wash use shower washes away easily lathers nicely comes attractive plastic bottle good enough company could not happier,Error,Error
4.0,Giftworthy,"Comes fully charged. 100% waterproof. There is only ONE 3 headed grinder. The packing list on the product page  lists ""3 x 3 in 1 Grinding Heads"", so I believed it came with 2 replacement heads, The marketing materials show you how to replace the head, however I am unable to find where to obtain them. Hopefully by the time these wear out in a year they will be available.",comes fully charged waterproof one headed grinder packing list product page lists x grinding heads believed came replacement heads marketing materials show replace head however unable find obtain hopefully time wear year available,Error,Error
5.0,Looks FABULOUS!,"I LOVE the colors! I have very thick hair so hairbands are almost always snug and this is the same width as most hairbands. Vibrant color. The buttons are placed EXACTLY where you need them. The seller includes extra buttons. The buttons are not removable but when you take the mask off you can flip the hairband so the buttons face inward so you don't see them.  I like the big white buttons, they give me a retro 1940's look.",love colors very thick hair hairbands almost always snug width hairbands vibrant color buttons placed exactly need seller includes extra buttons buttons not removable but take mask flip hairband buttons face inward dont see like big white buttons give retro look,Error,Error
5.0,Terrific and makes a great baby shower gift.,"I can get 750 J&J Qtips for a $4.64. So this all comes down to the environment.<br /><br />The J&J swabs come in plastic container and these come in a box which is kinder to the planet.<br /><br />These have a bamboo stem and the J&J are plastic! (I always thought they were paper!). And I am LOVING how sturdy the stems are: they don't bend, not that I use force when using, it just makes for a sure grip.<br /><br />I did a side by side and the tips are the same thickness.",get jj qtips comes environmentthe jj swabs come plastic container come box kinder planetthese bamboo stem jj plastic always thought paper loving sturdy stems dont bend not use force using makes sure gripi side side tips thickness,Error,Error
5.0,Worth every penny,"Terrific list of ingredients, this stuff is the real deal. I could feel immediately on application that this product contained Retinol as advertised and not a watered down 'serum' variation. Remember to moisturize after. This is a terrific product to use as your Retinol go to.<br /><br />I got a lot of info from Marie Claire article by Katie Thomas 'Retinol - the only ingredient that will reduce wrinkles'<br /><br />Your skin’s collagen level starts to deplete at age 25.<br />Retinol helps with skin elasticity, wrinkles/laugh lines and pigmentation aka age spots.<br />Retinol is a derivative of vitamin A.<br />Start low ( 0.3%)  increase to 0.5%. 1% is best but only available with a prescription.<br />When you first try your skin may get dry, red & flaky.<br />Only use twice a week, gradually increase to daily as desired.<br />Apply a pea-sized amount at first and increase amount and % as negative side effects decrease.<br />Use anytime day or night, just use sunscreen after if going outdoors.<br />Anywhere you see signs of aging is a good place to apply, face, arms, hands, legs, neck.<br />Avoid the skin around your eyes as it is too delicate.<br /><br />Aqua/Water/Eau,<br />Caprylic/Capric Triglyceride (emollient/natural moisturizing factor/replenishment/texture),<br />Glycerin (hydration/natural moisturizing factor/replenishment),<br />Dimethicone (conditioner/silicone),<br />Glyceryl Stearate (emollient/emulsifier),<br />PEG-100 Stearate (emulsifier),<br />Polysorbate 20 (emulsifier),<br />***Retinol (age delay/brightener),<br />Phenoxyethanol (preservative),<br />Sodium Hyaluronate Crosspolymer (hydration/replenishment/restoration),<br />Carbomer (thickener),<br />Cetearyl Alcohol (thickener),<br />Caprylyl Glycol (conditioner/emollient/preservative),<br />Ceteareth-20 (emollient/emulsifier),<br />Ethylhexylglycerin (preservative),<br />BHT (preservative), Allantoin (sooth),<br />Disodium EDTA (pH buffer/preservative),<br />Hexylene Glycol (preservative),<br />Sodium Hydroxide (pH adjuster),<br />Pentylene Glycol (solvent),<br />BHA (preservative),<br />1,2-Hexanediol (preservative),<br />Beta-Glucan (antioxidant/sooth),<br />Myristoyl Pentapeptide-8 (age delay)",terrific list ingredients stuff real deal could feel immediately application product contained retinol advertised not watered serum variation remember moisturize terrific product use retinol go toi got lot info marie claire article katie thomas retinol ingredient reduce wrinklesyour skins collagen level starts deplete age retinol helps skin elasticity wrinkleslaugh lines pigmentation aka age spotsretinol derivative vitamin astart low increase best but available prescriptionwhen first try skin may get dry red flakyonly use twice week gradually increase daily desiredapply peasized amount first increase amount negative side effects decreaseuse anytime day night use sunscreen going outdoorsanywhere see signs aging good place apply face arms hands legs neckavoid skin around eyes delicateaquawatereaucapryliccapric triglyceride emollientnatural moisturizing factorreplenishmenttextureglycerin hydrationnatural moisturizing factorreplenishmentdimethicone conditionersiliconeglyceryl stearate emollientemulsifierpeg stearate emulsifierpolysorbate emulsifierretinol age delaybrightenerphenoxyethanol preservativesodium hyaluronate crosspolymer hydrationreplenishmentrestorationcarbomer thickenercetearyl alcohol thickenercaprylyl glycol conditioneremollientpreservativeceteareth emollientemulsifierethylhexylglycerin preservativebht preservative allantoin soothdisodium edta ph bufferpreservativehexylene glycol preservativesodium hydroxide ph adjusterpentylene glycol solventbha preservativehexanediol preservativebetaglucan antioxidantsoothmyristoyl pentapeptide age delay,Error,Error
2.0,It says Organic,"but it isn't certified organic, so is it? I have Aloe plants, but when traveling having Aloe Vera in a bottle is terrific. Also if you are looking to make your own hand sanitizer this is great to add to isopropyl alcohol.<br /><br />Sdara is a Canadian Company that has been around since at least 2016.",but isnt certified organic aloe plants but traveling aloe vera bottle terrific also looking make hand sanitizer great add isopropyl alcoholsdara canadian company around since least,Error,Error
3.0,Did not like the scent at all,"I smell like furniture polish, it was piercingly unpleasant.",smell like furniture polish piercingly unpleasant,Error,Error
5.0,Not just organic,It's like having your own Aloe plant in a bottle because the first ingredient is Aloe. We do have an Aloe plant in our home.  The bonus is the vitamin E and Hyaluronic Acid (improves skin elasticity). This works great on sunburn!!!<br /><br />In a pinch you can use this and mix with isopropyl alcohol (30/70 mix) and make hand sanitizer.<br /><br />This really well packaged to prevent leakage in transit and you can reuse it to keep little fingers from depressing the product.,like aloe plant bottle first ingredient aloe aloe plant home bonus vitamin e hyaluronic acid improves skin elasticity works great sunburnin pinch use mix isopropyl alcohol mix make hand sanitizerthis really well packaged prevent leakage transit reuse keep little fingers depressing product,Error,Error
3.0,"Cordless Water Flosser, USB Rechargeable, 3-Mode, 4 different Jet Tips by SOOCAS W3","The Removable/detachable Water Tank is not removable nor detachable. I studied the user manual and no mention on how to remove it so you can clean it.<br /><br />It doesn't come with an adapter so unless you have an extra you will be charging with your laptop. FYI will not operate while charging.<br /><br />The full water tank lasts for 50 seconds of continuous flossing.<br /><br />A Full battery will last 30 minutes before needing a recharge. Charging time:4-6 Hours. Charging voltage:5V.<br />Cleaning modes are gentle/standard/pulse massage. High pressure water pulse, 20-140PSI water pressure. ** Make sure to not lose the little white tab that covers the charger port - you'll need it to keep it waterproof.",removabledetachable water tank not removable nor detachable studied user manual no mention remove clean itit doesnt come adapter unless extra charging laptop fyi not operate chargingthe full water tank lasts seconds continuous flossinga full battery last minutes needing recharge charging time hours charging voltagevcleaning modes gentlestandardpulse massage high pressure water pulse psi water pressure make sure not lose little white tab covers charger port youll need keep waterproof,Error,Error
5.0,Leave in Conditioner for Curly Hair Therapy by Royal Locks,"This is the real deal. Designed for naturally curly, wavy or grey hair,  or any hair type that needs deep conditioning.  I have 50 year old curly highlighted Irish hair. My styist actually noticed how soft it felt and controllable it looked.  The product calls it Curl Rescue with Keravis Ultra Conditioning Formula for Curls. No Sulfate or paraben; alcohol & cruelty free. With keratin and Vitamin B5.<br /><br />It is doubled packaged inside a mylar container to control any spill in transit.",real deal designed naturally curly wavy grey hair hair type needs deep conditioning year old curly highlighted irish hair styist actually noticed soft felt controllable looked product calls curl rescue keravis ultra conditioning formula curls no sulfate paraben alcohol cruelty free keratin vitamin bit doubled packaged inside mylar container control spill transit,Error,Error
5.0,worth every penney,"Unbeatable! The next best thing to going to your dental hygenist daily.  I have been using the same one for 10 years, never needed to buy a new one.  I switch the brush out every 3 months or so.  I can still remember the epic difference between my regular toothbrush and this. a small amount of toothpaste does a great job. Worth Every Penney, do yourself a favor and get one today.",unbeatable next best thing going dental hygenist daily using one years never needed buy new one switch brush every months still remember epic difference regular toothbrush small amount toothpaste great job worth every penney favor get one today,Error,Error
5.0,Two tools in one,Very pleased with iron. It makes great curls and can also straighten hair when you want different look,very pleased iron makes great curls also straighten hair want different look,Error,Error
5.0,Love the way it sticks to the counter,"Love the way it sticks to the counter! It's a great size for me. I mix all of my dog's food in it, then put it in their individual bowls. I'm going to need this bowl in all different sizes. It's made very well!",love way sticks counter great size mix dogs food put individual bowls im going need bowl different sizes made very well,Error,Error
5.0,Love this product !!,Perfect !,perfect,Error,Error
5.0,I love this !,Great for acne prone skin,great acne prone skin,Error,Error
5.0,Cute,"It’s great, feels perfect and does not permit my hair to get wet!",great feels perfect not permit hair get wet,Error,Error
2.0,Not what I paid for,"The wig in the picture is not the wig i received. It's lighter in color, part is on the side not in the middle and does not lay right.",wig picture not wig received lighter color part side not middle not lay right,Error,Error
5.0,Night or Day,"If you find yourself reaching for lip balm throughout the day, you may want to upgrade to a lip mask. It works either at night or during the day. This one has a light vanilla scent that can be used by anyone. It doesn't just coat your lips. It actually nourishes and gently exfoliates. A little goes a long way. It makes a good base for other lip products. I highly recommend it.<br /><br />Thanks so much for taking the time to read this review.  I hope the information that I've provided helps make your decision a little easier.",find reaching lip balm throughout day may want upgrade lip mask works either night day one light vanilla scent used anyone doesnt coat lips actually nourishes gently exfoliates little goes long way makes good base lip products highly recommend itthanks much taking time read review hope information ive provided helps make decision little easier,Error,Error
5.0,Good Glow,"Body illuminator are great at highlighting your gifts and blurring flaws. I like that this formula is made for sweaty conditions. Considering you use products like this mostly in warm weather, it makes sense to offer this feature. It's easy to apply and resists transfer. The coverage is buildable. You can shimmer a little or a lot. I highly recommend this product.<br /><br />Thanks so much for taking the time to read this review.  I hope the information that I've provided helps make your decision a little easier.",body illuminator great highlighting gifts blurring flaws like formula made sweaty conditions considering use products like mostly warm weather makes sense offer feature easy apply resists transfer coverage buildable shimmer little lot highly recommend productthanks much taking time read review hope information ive provided helps make decision little easier,Error,Error
5.0,Deep Hydration,"There's a Chinese actress who attributes her perfect skin to twice-daily sheet masks. After using one per night for several months, I totally believe they work. This mask is the best for hydration. It can be used by all skin types. The sheet is soft and flexible. You can stretch it as needed. I always stretch the eye holes since I have larger eyes. It also prevents the serum from dripping in your eyes. Another tip is to rub the mask on the backs of your hands before throwing it away. That skin needs special care also. The best part about this set is that you get so many masks. You can try using one nightly to see how it changes your skin. I highly recommend it.<br /><br />Thanks so much for taking the time to read this review.  I hope the information that I've provided helps make your decision a little easier.",theres chinese actress attributes perfect skin twicedaily sheet masks using one per night several months totally believe work mask best hydration used skin types sheet soft flexible stretch needed always stretch eye holes since larger eyes also prevents serum dripping eyes another tip rub mask backs hands throwing away skin needs special care also best part set get many masks try using one nightly see changes skin highly recommend itthanks much taking time read review hope information ive provided helps make decision little easier,Error,Error
5.0,Perfect Gift Set,"I'm a true skincare addict. I really like these holiday sets. They're a good way to try new products. Caudalie is a cult favorite for a reason. Their products are made from the grapes in their vineyards. You get all the benefits of the resveratrol in pretty packaging. This set comes with a moisturizer, serum and foaming cleanser. They come in travel sizes, so it's just enough to decide whether you like them or not. This set is a great value. It makes the perfect gift. As a note, my box was a bit banged up. The products weren't properly glued to the base, so they came out in the shipping package. Other than that, I highly recommend this set.<br /><br />Thanks so much for taking the time to read this review. I hope the information that I've provided makes your decision a little easier.",im true skincare addict really like holiday sets theyre good way try new products caudalie cult favorite reason products made grapes vineyards get benefits resveratrol pretty packaging set comes moisturizer serum foaming cleanser come travel sizes enough decide whether like not set great value makes perfect gift note box bit banged products werent properly glued base came shipping package highly recommend setthanks much taking time read review hope information ive provided makes decision little easier,Error,Error
5.0,Intense Hydration,"With winter approaching, it's time to start thinking about cold-weather skincare. This moisturizer is a good choice because it's a blend of several skin-loving oils like argan, coconut and macadamia. It's fairly lightweight but it protects and hydrates like a heavier cream. It can be used both day and night. The packaging is pretty enough for display. It can be used by all skin types. I highly recommend this product and the entire line from this brand.<br /><br />Thanks so much for taking the time to read this review. I hope the information that I've provided makes your decision a little easier.",winter approaching time start thinking coldweather skincare moisturizer good choice blend several skinloving oils like argan coconut macadamia fairly lightweight but protects hydrates like heavier cream used day night packaging pretty enough display used skin types highly recommend product entire line brandthanks much taking time read review hope information ive provided makes decision little easier,Error,Error
5.0,Great for Brown Skin,"If you have any level of melanin in your skin, you know the struggle with hyperpigmentation. Any red spot that comes out on my skin eventually turns brown. This moisturizer is deeply hydrating in addition to being a powerful brightener. It helps to get rid of blemishes and dark spots faster than most OTC treatments. Use it twice per day for best results. I highly recommend this product.<br /><br />Thanks so much for taking the time to read this review. I hope the information that I've provided makes your decision a little easier.",level melanin skin know struggle hyperpigmentation red spot comes skin eventually turns brown moisturizer deeply hydrating addition powerful brightener helps get rid blemishes dark spots faster otc treatments use twice per day best results highly recommend productthanks much taking time read review hope information ive provided makes decision little easier,Error,Error
5.0,Good for Irritated or Problem Skin,"A healthy barrier leads to healthy skin. This serum helps to repair your skin's natural barrier, locking in moisture and blocking bacteria and irritants. It contains niacinamide which helps to reduce inflammation and redness. Centella heals skin and makes it more resilient to environmental damage. The serum is fairly lightweight and absorbs quickly. It's safe to use twice daily. It's ideal for dry, irritated or acne-prone skin. I highly recommend it.<br /><br />Thanks so much for taking the time to read this review. I hope the information that I've provided makes your decision a little easier.",healthy barrier leads healthy skin serum helps repair skins natural barrier locking moisture blocking bacteria irritants contains niacinamide helps reduce inflammation redness centella heals skin makes resilient environmental damage serum fairly lightweight absorbs quickly safe use twice daily ideal dry irritated acneprone skin highly recommend itthanks much taking time read review hope information ive provided makes decision little easier,Error,Error
5.0,Balanced PH,A balance pH level is important for healthy hair. This conditioner helps to balance your hair's pH level in addition to repairing damage. It's also very hydrating. It has just the right amount of oil to tame curly hair. The scent is fresh and lightly herbaceous. The texture is on the thicker side but not like a deep conditioner. It's a good overall product for all hair types.<br /><br />Thanks so much for taking the time to read this review. I hope the information that I've provided makes your decision a little easier.,balance ph level important healthy hair conditioner helps balance hairs ph level addition repairing damage also very hydrating right amount oil tame curly hair scent fresh lightly herbaceous texture thicker side but not like deep conditioner good overall product hair typesthanks much taking time read review hope information ive provided makes decision little easier,Error,Error
5.0,Great Hydration,"Sheet masks are my favorite way to give my skin special treatment. You get six masks in this set. Three masks are aloe-based, three have pomegranate extract. Aloe is well known for healing and soothing skin. Pomegranate brightens and plumps. Each mask is soaked in serum. There's enough to cover your neck in what's left in the package. The masks are so juicy that the serum may drip down into your eyes. If you have large eyes, widen the eye holes with your fingers so the top of the hole is at or above your brow. If you refrigerate the masks before application, you'll get the benefit of cooling your skin's temperature and reducing inflammation. I highly recommend this set.<br /><br />Thanks so much for taking the time to read this review. I hope the information that I've provided makes your decision a little easier.",sheet masks favorite way give skin special treatment get six masks set three masks aloebased three pomegranate extract aloe well known healing soothing skin pomegranate brightens plumps mask soaked serum theres enough cover neck whats left package masks juicy serum may drip eyes large eyes widen eye holes fingers top hole brow refrigerate masks application youll get benefit cooling skins temperature reducing inflammation highly recommend setthanks much taking time read review hope information ive provided makes decision little easier,Error,Error
5.0,Non-Greasy Shine,"I'm a curly girl. One of the constant struggles with my type of hair is that it may look dull sometimes since it's so dark. This shine spray is like a makeover in a bottle. It adds instant shine and makes it look like you had a color touch-up. The formula is lightweight and non-greasy. It has a light, somewhat floral scent. I would definitely spend my own money to purchase this product. I highly recommend it.<br /><br />Thanks so much for taking the time to read this review. I hope the information that I've provided makes your decision a little easier.",im curly girl one constant struggles type hair may look dull sometimes since dark shine spray like makeover bottle adds instant shine makes look like color touchup formula lightweight nongreasy light somewhat floral scent would definitely spend money purchase product highly recommend itthanks much taking time read review hope information ive provided makes decision little easier,Error,Error
5.0,Youth Serum,"One of the reasons skin starts to wrinkle as we age is that we make less and less of the natural oil that keeps skin looking youthful. It's one of the reasons why people with oily skin seem to be ageless for so long. This serum is a good way to supplement what your skin lacks. The oils in this blend are all high quality. Some are slightly unexpected in a skincare product. The texture is lightweight and easily absorbed. It doesn't just sit on top of the skin. Your skin will feel softer immediately and you'll see more improvements over time. Dr. Denese is a trusted brand when it comes to care for aging skin. Whether you're trying to slow the clock or reverse it a little, this serum should be part of your daily skincare routine. I highly recommend it.<br /><br />Thanks so much for taking the time to read this review. I hope the information that I've provided makes your decision a little easier.",one reasons skin starts wrinkle age make less less natural oil keeps skin looking youthful one reasons people oily skin seem ageless long serum good way supplement skin lacks oils blend high quality slightly unexpected skincare product texture lightweight easily absorbed doesnt sit top skin skin feel softer immediately youll see improvements time dr denese trusted brand comes care aging skin whether youre trying slow clock reverse little serum part daily skincare routine highly recommend itthanks much taking time read review hope information ive provided makes decision little easier,Error,Error
5.0,Very Useful,I like to keep extra spray bottles on hand. They're useful for so many purposes. I like to put all of my liquid hair products in them because it's much easier to use a trigger sprayer than a pump when your hands are wet. You can also use them for cleaning products or fabric sprays. This set is a good buy.<br /><br />Thanks so much for taking the time to read this review. I hope the information that I've provided makes your decision a little easier.,like keep extra spray bottles hand theyre useful many purposes like put liquid hair products much easier use trigger sprayer pump hands wet also use cleaning products fabric sprays set good buythanks much taking time read review hope information ive provided makes decision little easier,Error,Error
5.0,Doesn't Leave Skin Sticky,I use lots of sheet masks. Most leave your skin a little sticky when the serum dries. This mask works differently. The sheet locks the moisture in and doesn't leave a sticky residue. It's a great hydration and brightening mask. I highly recommend it.<br /><br />Thanks so much for taking the time to read this review. I hope the information that I've provided makes your decision a little easier.,use lots sheet masks leave skin little sticky serum dries mask works differently sheet locks moisture doesnt leave sticky residue great hydration brightening mask highly recommend itthanks much taking time read review hope information ive provided makes decision little easier,Error,Error
5.0,Special Care Mask,"I really like that this mask includes special patches for the eyes and smile lines. If you're over 30, you'll appreciate the extra help. You apply the patches first, the the sheet mask. I keep all of my sheet masks in the refrigerator. You'll appreciate the cooling and anti-inflammatory effect if you do so with this mask. I highly recommend this product.<br /><br />Thanks so much for taking the time to read this review. I hope the information that I've provided makes your decision a little easier.",really like mask includes special patches eyes smile lines youre youll appreciate extra help apply patches first sheet mask keep sheet masks refrigerator youll appreciate cooling antiinflammatory effect mask highly recommend productthanks much taking time read review hope information ive provided makes decision little easier,Error,Error
5.0,Get Your Glow On,"Sheet masks are my favorite part of my skincare routine. They give you time to indulge in ""me time"". These masks work to both hydrate and treat skin. The material adheres to skin well and stretches if you need a little extra coverage. The serum brightens skin and gets rid of dullness. Your skin will look plump and radiant after the first use. I suggest keeping the masks in the refrigerator prior to use. I highly recommend this product.<br /><br />Thanks so much for taking the time to read this review. I hope the information that I've provided makes your decision a little easier.",sheet masks favorite part skincare routine give time indulge time masks work hydrate treat skin material adheres skin well stretches need little extra coverage serum brightens skin gets rid dullness skin look plump radiant first use suggest keeping masks refrigerator prior use highly recommend productthanks much taking time read review hope information ive provided makes decision little easier,Error,Error
5.0,Easy to Use,"These vacuum spray bottles are very easy to use. They're especially useful for cosmetic products that contain ingredients that start to degrade when exposed to air. They're ideal for toners, hydrating mists and even essences. They pack well and are leak-resistant. This is a great buy.<br /><br />Thanks so much for taking the time to read this review. I hope the information that I've provided makes your decision a little easier.",vacuum spray bottles very easy use theyre especially useful cosmetic products contain ingredients start degrade exposed air theyre ideal toners hydrating mists even essences pack well leakresistant great buythanks much taking time read review hope information ive provided makes decision little easier,Error,Error
5.0,Lightweight and Creamy,"I really like this moisturizer. It's lightweight and creamy. It has a light cucumber scent that I find refreshing. It's a powerhouse at deeply hydrating parched skin. It also locks in moisture to keep skin looking fresh. It contains botanicals that soothe irritated or inflamed skin. It's ideal for those with acne, rosacea or eczema. You can use it as both a day and night cream. I highly recommend this product.<br /><br />Thanks so much for taking the time to read this review. I hope the information that I've provided makes your decision a little easier.",really like moisturizer lightweight creamy light cucumber scent find refreshing powerhouse deeply hydrating parched skin also locks moisture keep skin looking fresh contains botanicals soothe irritated inflamed skin ideal acne rosacea eczema use day night cream highly recommend productthanks much taking time read review hope information ive provided makes decision little easier,Error,Error
5.0,Two Powerful Ingredients,"If you're over 35, this serum is a must. It contains two powerful skin-saving ingredients. Vitamin C keeps skin bright and radiant. It protects skin from UV damage. It boosts collagen production and helps fade dark spots quickly. Hyaluronic acid helps your skin draw moisture from the environment. It reduces the appearance of fine lines and wrinkles. It's hard to find a high quality organic serum like this. I highly recommend this serum and the brand.<br /><br />Thanks so much for taking the time to read this review. I hope the information that I've provided makes your decision a little easier.",youre serum must contains two powerful skinsaving ingredients vitamin c keeps skin bright radiant protects skin uv damage boosts collagen production helps fade dark spots quickly hyaluronic acid helps skin draw moisture environment reduces appearance fine lines wrinkles hard find high quality organic serum like highly recommend serum brandthanks much taking time read review hope information ive provided makes decision little easier,Error,Error
5.0,Lightweight and Hydrating,"I love water cream moisturizers, especially in warmer weather. This one is light as a feather, but provides intense moisture. It leaves skin feeling silky and refreshed. You don't need much, so this jar will last a while. The formula is good for all skin types, but I especially recommend it for oily skin. You can use it both day and night. I highly recommend this product.<br /><br />Thanks so much for taking the time to read this review. I hope the information that I've provided makes your decision a little easier.",love water cream moisturizers especially warmer weather one light feather but provides intense moisture leaves skin feeling silky refreshed dont need much jar last formula good skin types but especially recommend oily skin use day night highly recommend productthanks much taking time read review hope information ive provided makes decision little easier,Error,Error
5.0,Ideal for Curly Hair,Warm weather means unruly hair if you're a curly girl. Headbands are a staple for me. These have a fun tropical feel. They're very soft and stretchy. They should fit most heads. I'd get a couple different sets of these because I like them so much. I highly recommend this product.<br /><br />Thanks so much for taking the time to read this review. I hope the information that I've provided makes your decision a little easier.,warm weather means unruly hair youre curly girl headbands staple fun tropical feel theyre very soft stretchy fit heads id get couple different sets like much highly recommend productthanks much taking time read review hope information ive provided makes decision little easier,Error,Error
5.0,Soothes Irritated Skin,"If you have eczema, rosacea or psoriasis this serum will soothe and hydrate your skin. The cica (centella asiatica) is known to treat and heal irritated skin. It also helps to reduce redness and inflammation. Use twice daily for best results. I highly recommend this serum.<br /><br />Thanks so much for taking the time to read this review. I hope the information that I've provided makes your decision a little easier.",eczema rosacea psoriasis serum soothe hydrate skin cica centella asiatica known treat heal irritated skin also helps reduce redness inflammation use twice daily best results highly recommend serumthanks much taking time read review hope information ive provided makes decision little easier,Error,Error
5.0,Take Your Pick,"This mask set allows you to choose exactly what your skin needs on any given day. There are five types. There's one for hydration, firming, brightening, healthy aging, and pore detoxing. For best results, leave the masks on for at least 15 minutes. Use the excess serum on your neck. I highly recommend this set.<br /><br />Thanks so much for taking the time to read this review. I hope the information that I've provided makes your decision a little easier.",mask set allows choose exactly skin needs given day five types theres one hydration firming brightening healthy aging pore detoxing best results leave masks least minutes use excess serum neck highly recommend setthanks much taking time read review hope information ive provided makes decision little easier,Error,Error
5.0,New Favorite!!,"Every mascara claims to be new and different. This one actually lives up to the hype. The fibers have a novel shape that really makes your lashes POP. If you're not a fan of falsies, this is a great alternative. The formula isn't waterproof, so keep that in mind. I HIGHLY recommend this product.<br /><br />Thanks so much for taking the time to read this review. I hope the information that I've provided makes your decision a little easier.",every mascara claims new different one actually lives hype fibers novel shape really makes lashes pop youre not fan falsies great alternative formula isnt waterproof keep mind highly recommend productthanks much taking time read review hope information ive provided makes decision little easier,Error,Error
5.0,Top Notch,Native makes some of the best natural deodorants on the market. They're just as effective as the drugstore brands. I like this set because you get three different scents. My favorite is the peony. The scents are all fresh and light. They won't clash with other fragrances you wear. This set is perfect for gifting. I highly recommend it.<br /><br />Thanks so much for taking the time to read this review. I hope the information that I've provided makes your decision a little easier.,native makes best natural deodorants market theyre effective drugstore brands like set get three different scents favorite peony scents fresh light wont clash fragrances wear set perfect gifting highly recommend itthanks much taking time read review hope information ive provided makes decision little easier,Error,Error
5.0,"Truly ""Essential"" Oil",Tea tree is one of my favorite essential oils because it has so many uses. It helps acne blemishes to heal quickly. It can be used as a topical antibiotic. You can add it to hair and scalp treatments to promote growth and scalp health. It's also a calming scent when used in a diffuser. You'll probably find more uses for it over time. I highly recommend it.<br /><br />Thanks so much for taking the time to read this review. I hope the information that I've provided makes your decision a little easier.,tea tree one favorite essential oils many uses helps acne blemishes heal quickly used topical antibiotic add hair scalp treatments promote growth scalp health also calming scent used diffuser youll probably find uses time highly recommend itthanks much taking time read review hope information ive provided makes decision little easier,Error,Error
5.0,Good Hydration,"This moisturizer is ideal for most skin types. It is fairly lightweight and provides deep hydration. It's especially good for sensitive or reactive skin. It's a good choice for those with rosacea, eczema or acne. I highly recommend it.<br /><br />Thanks so much for taking the time to read this review. I hope the information that I've provided makes your decision a little easier.",moisturizer ideal skin types fairly lightweight provides deep hydration especially good sensitive reactive skin good choice rosacea eczema acne highly recommend itthanks much taking time read review hope information ive provided makes decision little easier,Error,Error
5.0,Very Sparkly,I pretty much chose this product based on the shout-out to Arrested Development. This is a loose pigment with a super-fine texture. I opened it when a ceiling fan was on and it went flying. You'll want to use this with a mixing medium to make it stick. I highly recommend this product.<br /><br />Thanks so much for taking the time to read this review. I hope the information that I've provided makes your decision a little easier.,pretty much chose product based shoutout arrested development loose pigment superfine texture opened ceiling fan went flying youll want use mixing medium make stick highly recommend productthanks much taking time read review hope information ive provided makes decision little easier,Error,Error
5.0,Very Hydrating,Hyaluronic acid is really one of the best skincare ingredients to use for hydrated skin. It keeps skin looking dewy and plump. You can add it to your moisturizer or apply it directly. Add a few drops to a mud/clay mask to make it a balancing treatment.<br /><br />Thanks so much for taking the time to read this review. I hope the information that I've provided makes your decision a little easier.,hyaluronic acid really one best skincare ingredients use hydrated skin keeps skin looking dewy plump add moisturizer apply directly add drops mudclay mask make balancing treatmentthanks much taking time read review hope information ive provided makes decision little easier,Error,Error
5.0,Easy to Fill,This set makes it really easy to travel with your favorite beauty items. The dispensers are attractive and very easy to fill. It  comes with labels so you know what's in each section. You can continue to reuse them for different items if you rinse them out. I highly recommend this product.<br /><br />Thanks so much for taking the time to read this review. I hope the information that I've provided makes your decision a little easier.,set makes really easy travel favorite beauty items dispensers attractive very easy fill comes labels know whats section continue reuse different items rinse highly recommend productthanks much taking time read review hope information ive provided makes decision little easier,Error,Error
5.0,Smells Fantastic!!,"Sweet orange is one of my favorite essential oils. It immediately makes me feel energized and refreshed. This body wash is the perfect way to start your day. The scent will perk you up and get you moving. The formula is very moisturizing and won't strip your skin. The fragrance is unisex, so it would make a good gift for women and men. I highly recommend it.<br /><br />Thanks so much for taking the time to read this review. I hope the information that I've provided makes your decision a little easier.",sweet orange one favorite essential oils immediately makes feel energized refreshed body wash perfect way start day scent perk get moving formula very moisturizing wont strip skin fragrance unisex would make good gift women men highly recommend itthanks much taking time read review hope information ive provided makes decision little easier,Error,Error
5.0,Effective Mask,"If you're reading this review, you probably already know the anti-aging benefits of collagen. This mask has a high-potency form of collagen along with a special delivery system to help firm your skin. The mask is in two parts, so you can get a better fit than a regular sheet mask. I can't say it performs miracles, but it's definitely worth a try.<br /><br />Thanks so much for taking the time to read this review. I hope the information that I've provided makes your decision a little easier.",youre reading review probably already know antiaging benefits collagen mask highpotency form collagen along special delivery system help firm skin mask two parts get better fit regular sheet mask cant say performs miracles but definitely worth trythanks much taking time read review hope information ive provided makes decision little easier,Error,Error
5.0,Gentle & Natural,I'm trying to do a better job with paying as much attention to the ingredients in my skincare as those in my food. This is a great natural cleanser. It's very gentle and is good for sensitive skin. The lactic acid hydrates and gently exfoliates over time. You won't need a science degree to understand the majority of the ingredients. This is a great clean beauty cleanser that I highly recommend.<br /><br />Thanks so much for taking the time to read this review. I hope the information that I've provided makes your decision a little easier.,im trying better job paying much attention ingredients skincare food great natural cleanser very gentle good sensitive skin lactic acid hydrates gently exfoliates time wont need science degree understand majority ingredients great clean beauty cleanser highly recommendthanks much taking time read review hope information ive provided makes decision little easier,Error,Error
5.0,Hair-Loving Oils,"As a curly girl, I'm very familiar with using hair oils. This one is an organic blend of argan oil and shea butter. Both are excellent for hair. You can use this as a shine booster, hot oil treatment, or anything else you choose. You could even try it as an overnight treatment. It's a great product. I highly recommend it.<br /><br />Thanks so much for taking the time to read this review. I hope the information that I've provided makes your decision a little easier.",curly girl im very familiar using hair oils one organic blend argan oil shea butter excellent hair use shine booster hot oil treatment anything else choose could even try overnight treatment great product highly recommend itthanks much taking time read review hope information ive provided makes decision little easier,Error,Error
5.0,Very Hydrating,"These sheet masks are great for dry or dehydrated skin. They're especially good to use in cold or dry weather. The masks contain an extract of oolong tea and hyaluronic acid. Your skin will look dewy and radiant after 10-20 minutes. Make sure the mask is smoothed over your skin. If you have a jade roller, it's nice to use it over the mask to increase absorption. I highly recommend both this mask and the entire product line.<br /><br />Thanks so much for taking the time to read this review. I hope the information that I've provided makes your decision a little easier.",sheet masks great dry dehydrated skin theyre especially good use cold dry weather masks contain extract oolong tea hyaluronic acid skin look dewy radiant minutes make sure mask smoothed skin jade roller nice use mask increase absorption highly recommend mask entire product linethanks much taking time read review hope information ive provided makes decision little easier,Error,Error
5.0,Thick & Creamy,A good hand cream is essential. This one is excellent. It is thick and creamy. It's very moisturizing and is packed with skin-loving botanicals. It's fragrance-free in case you have allergies or just prefer the unscented option. This is a high-quality hand cream that's great to keep in your bag.<br /><br />Thanks so much for taking the time to read this review. I hope the information that I've provided makes your decision a little easier.,good hand cream essential one excellent thick creamy very moisturizing packed skinloving botanicals fragrancefree case allergies prefer unscented option highquality hand cream thats great keep bagthanks much taking time read review hope information ive provided makes decision little easier,Error,Error
5.0,A Curly Girl Must Have!,I'll admit it. I cheaped out on my spray bottle. I'm glad I upgraded. This is so easy to use. It makes wash day and styling so much easier. I only wish it came in a larger size. I highly recommend this.,ill admit cheaped spray bottle im glad upgraded easy use makes wash day styling much easier wish came larger size highly recommend,Error,Error
5.0,Superior Hydration,This is the best moisturizer I've ever used. It smells like a tropical vacation and leaves my curls plump and shiny. It's like the Holy Grail of natural hair products.,best moisturizer ive ever used smells like tropical vacation leaves curls plump shiny like holy grail natural hair products,Error,Error
2.0,Ummm... No,"More narrow than I thought and def flimsy material. Also thought it would stick better but it didn’t. After the water starting filling the tub, they started getting lose which defeats the purpose. Total waste of $ for me.",narrow thought def flimsy material also thought would stick better but didnt water starting filling tub started getting lose defeats purpose total waste,Error,Error
1.0,Not what was advertised,"It was not at all what I thought was advertised! I was expecting a tinted lotion! As a plain lotion, it’s still doesn’t get any stars! It’s very thin and runny! Sorry Joan!",not thought advertised expecting tinted lotion plain lotion still doesnt get stars very thin runny sorry joan,Error,Error
5.0,Five Stars,"I love this hair bun maker, it is the easiest one I have used!",love hair bun maker easiest one used,Error,Error
1.0,Not happy,20 minutes of fragrance nothing more. $30 plus dollars for this!! I wanted Donna Karen cashmere mist but the shipping took too long. Wish now I would've waited.  It does nothing for sweat absolutely nothing!!  It's so small too.,minutes fragrance nothing plus dollars wanted donna karen cashmere mist but shipping took long wish wouldve waited nothing sweat absolutely nothing small,Error,Error
5.0,"Works Well on Dry, Cracked Heels","I have for years dealt with dry, cracked heels, and I have tried a number of things to correct the issue. While my heels haven’t hurt or anything, they have been ugly. In a search for solutions, I found this foot scrubber and decided it was likely going to work better for me than a foot rasp, and I ordered it. It’s a great tool and it works well, though I do offer some caution for those who haven’t worked with a foot scrubber or rasp in the past.<br /><br />This is an odd-looking instrument, vaguely similar to a comma in shape. The scraping side somewhat resembles a mirror with a patterned rough edge. It feels a lot like an emery board though it has more of a “bite” to the surface, if that makes sense. The overall size and shape make it easy to grip and hold, even when wet.<br /><br />The first time I used it, I scraped away a fairly large amount of dead skin, to the point that I had feeling in parts of my heels where I have had no feeling for quite some time. It left my heels soft, pink and looking much better. However, I did discover that one can overdo, and I had nicked myself on each heel in one or two places, just enough to require blotting but not enough to really be a concern (it was less serious than a cut while shaving).<br /><br />I discovered the following day what happens when you remove too much dead skin and don’t put enough lotion on an area that deals with weight and stress – my heels split in a couple of places and I ended up having difficulty walking without pain for a couple of days. I had put high-quality lotion on my heels, but apparently not enough. That was entirely my mistake, and it was a painful one.<br /><br />After that finally healed up, I tried again. I have fallen into a daily routine where I gently scrub my heels for a couple of minutes each, then apply lotion. My heels now look much better, they’re not splitting when I put weight on them, and I have avoided nicking myself. At least in my case this is not a tool that gets used intensely every couple of weeks, but rather it is a daily tool that gets used very gently.<br /><br />I got curious and put this tool under a digital microscope to see what the rough surface looked like. The roughness resembles a series of crescents, not dissimilar to a rasp, but much more fine.<br /><br />This thing really works and it does a good job. It’s slightly more expensive than the average foot rasp but it seems to work well. I do recommend using some caution when working with this instrument as it is possible to overdo if not careful, which is probably very true of any tool of this type.",years dealt dry cracked heels tried number things correct issue heels havent hurt anything ugly search solutions found foot scrubber decided likely going work better foot rasp ordered great tool works well though offer caution havent worked foot scrubber rasp pastthis oddlooking instrument vaguely similar comma shape scraping side somewhat resembles mirror patterned rough edge feels lot like emery board though bite surface makes sense overall size shape make easy grip hold even wetthe first time used scraped away fairly large amount dead skin point feeling parts heels no feeling quite time left heels soft pink looking much better however discover one overdo nicked heel one two places enough require blotting but not enough really concern less serious cut shavingi discovered following day happens remove much dead skin dont put enough lotion area deals weight stress heels split couple places ended difficulty walking without pain couple days put highquality lotion heels but apparently not enough entirely mistake painful oneafter finally healed tried fallen daily routine gently scrub heels couple minutes apply lotion heels look much better theyre not splitting put weight avoided nicking least case not tool gets used intensely every couple weeks but rather daily tool gets used very gentlyi got curious put tool digital microscope see rough surface looked like roughness resembles series crescents not dissimilar rasp but much finethis thing really works good job slightly expensive average foot rasp but seems work well recommend using caution working instrument possible overdo not careful probably very true tool type,Error,Error
5.0,"Compact, Quiet and Works Well","I selected this little hair remover/shaver for my wife, to replace a trimmer she had simply worn out over time. This trimmer is a bit different than many of the others I have seen of its type which look more like mascara applicators. After one use, my wife is very pleased with it.<br /><br />This trimmer is similar to a rotary shaver that men use to shave (except one head instead of three) and is similar in size to a glue stick. It runs on a single AA battery and is relatively quiet.<br /><br />After figuring out how to use it, my wife trimmed a single hair and was pleased, and then did something that really surprised me – she used it to dry shave her whole leg. It did a surprisingly good job and actually left her leg smooth, but it took a really long time to finish. This is absolutely not the job for which this little trimmer was designed, but apparently it will work in a pinch.<br /><br />Compared to other trimmers she has used, this one is very gentle and when it’s turned on it doesn’t sound like it’s laboring like some of the others do.<br /><br />Overall, this is a decent little hair trimmer, designed for facial hair. It’s small, quiet and works well.",selected little hair removershaver wife replace trimmer simply worn time trimmer bit different many others seen type look like mascara applicators one use wife very pleased itthis trimmer similar rotary shaver men use shave except one head instead three similar size glue stick runs single aa battery relatively quietafter figuring use wife trimmed single hair pleased something really surprised used dry shave whole leg surprisingly good job actually left leg smooth but took really long time finish absolutely not job little trimmer designed but apparently work pinchcompared trimmers used one very gentle turned doesnt sound like laboring like others dooverall decent little hair trimmer designed facial hair small quiet works well,Error,Error
5.0,Fantastic for everyday use,"Purchased these 15 months ago and all are still completely functional. Strong Zippers, wide opening and easy to clean. Use for storage around the house every day. We Highly recommend this brand InnoGear and this product. Sturdy construction!",purchased months ago still completely functional strong zippers wide opening easy clean use storage around house every day highly recommend brand innogear product sturdy construction,Error,Error
1.0,Poor design,"The curved ends on almost all of these is not curved & angled enough to twist & clasp, at all. I cant get them to clasp, even when they are not in my hair. This was a huge waste of money.",curved ends almost not curved angled enough twist clasp cant get clasp even not hair huge waste money,Error,Error
5.0,Adorable and so soft,"Adorable! I love the super soft fabric and the quality stitching. I did not realize these were not stitctched to appear to be tied,  which I really like- Mommy actually ties it to create a custom fit for their baby’s head. Perfect!!! Hope to see more sets, specifically solid colors (pastels, primary colors, neons) My daughter and daughter in law love them.",adorable love super soft fabric quality stitching not realize not stitctched appear tied really like mommy actually ties create custom fit babys head perfect hope see sets specifically solid colors pastels primary colors neons daughter daughter law love,Error,Error
2.0,WAIT AND CHECK REVIEWS,"Don't waste your money,I  have power cord issues all the time and it continously stops on me.<br />I would not recommend this for beginners because I find it to be very frustrating.<br />This product needs a lot of improvement. I'm buying a new today from another company...",dont waste moneyi power cord issues time continously stops mei would not recommend beginners find very frustratingthis product needs lot improvement im buying new today another company,Error,Error
5.0,Best Ever,The best hairspray I have found for my fine blonde hair. Not stiff and you can style after spraying .,best hairspray found fine blonde hair not stiff style spraying,Error,Error
2.0,Dry & crumbly,"Dry, crumbly and impossible to even get on.  Smells were not my favorite.  Won’t buy again.",dry crumbly impossible even get smells not favorite wont buy,Error,Error
1.0,Do not waste time or money,This is a joke. They do not work. Do not waste time or money.,joke not work not waste time money,Error,Error
5.0,Buttery smooth with beautiful pigments,"Smash box lipstick is always buttery smooth. All their shades have a rich longer lasting pigment, even the nudes.",smash box lipstick always buttery smooth shades rich longer lasting pigment even nudes,Error,Error
3.0,Band too wide and stiff,"The lashed are pretty but the band is too wide, it covers too much of the eyelid. Also the way it's packaged makes it difficult to remove from plastic casing and tears the lash strip.",lashed pretty but band wide covers much eyelid also way packaged makes difficult remove plastic casing tears lash strip,Error,Error
2.0,Band too wide,"The lashed are pretty but the band is too wide, it covers too much of the eyelid. Also the way it's packaged makes it difficult to remove from plastic casing and tears the lash strip.",lashed pretty but band wide covers much eyelid also way packaged makes difficult remove plastic casing tears lash strip,Error,Error
1.0,This is not wj,This hair is the worst ever..all the ends came down,hair worst everall ends came,Error,Error
5.0,Impressed!,My granddaughter wanted this and I was skeptical. But being grandma I ordered it! She loves it. Super easy to use and looks great on. The polish lasts well. Great value for the price.,granddaughter wanted skeptical but grandma ordered loves super easy use looks great polish lasts well great value price,Error,Error
2.0,Two Stars,when I applied a little pressure the wheel stopped spinning. Not enough power.,applied little pressure wheel stopped spinning not enough power,Error,Error
1.0,Crap,"These look and fit BAD.<br />Fake looking.<br />Not dentures fake- Halloween fake.<br />Plus they don't conform in your mouth. They are bulky. They require major adjustments with power tools to fit properly. These are a joke. If your getting them for a prank or to play dress up, I guess they’d do.<br />If you need a decent temporary smile that looks and feels good, go with Imako.",look fit badfake lookingnot dentures fake halloween fakeplus dont conform mouth bulky require major adjustments power tools fit properly joke getting prank play dress guess theyd doif need decent temporary smile looks feels good go imako,Error,Error
2.0,"Poor eye cream, acceptable lip balm.",This is far too heavy and greasy to be applied on the eyes.  It earned stars because it wasn't a total waste; it will work as a lip balm.,far heavy greasy applied eyes earned stars wasnt total waste work lip balm,Error,Error
5.0,Nice,"Feels great on, but the colors are very very bright.  In the end, these are too intense of a color for me, so I ordered the clear version, which I LOVE, and use every day.",feels great but colors very very bright end intense color ordered clear version love use every day,Error,Error
3.0,Works for most people that like strong smells,To strong for my liking so I have to my daughter she likes it,strong liking daughter likes,Error,Error
5.0,Flawless Coverage,"Aeroblend is The Best airbrush foundation. It looks just like my natural skin when applied. I purchased my Aeroblend system in November, and it's Wonderful! Since November, I have tried Luminess, Belloccio, and Aeroblend foundations. I had hoped I would like Belloccio because it's half the price, but it could not compare to the Aeroblend Foundation.  The Luminess was too sticky, like it never set. The Aeroblend looks Absolutely Flawless. It takes minutes to do my makeup now, and so many people have asked me about my skin. I am so glad I purchased my Aeroblend system!",aeroblend best airbrush foundation looks like natural skin applied purchased aeroblend system november wonderful since november tried luminess belloccio aeroblend foundations hoped would like belloccio half price but could not compare aeroblend foundation luminess sticky like never set aeroblend looks absolutely flawless takes minutes makeup many people asked skin glad purchased aeroblend system,Error,Error
5.0,Curling iron doubles as flat iron! love it!,"very impressed with this!  It doesn't fry my hair, my hair feels sleek and without static electricity.<br />Also I didn't know it doubles as a flat iron, 2 in 1 product. love it!",very impressed doesnt fry hair hair feels sleek without static electricityalso didnt know doubles flat iron product love,Error,Error
5.0,hard to find nail polish color - black,"hard to find black, i love it",hard find black love,Error,Error
5.0,Comfy,So comfy,comfy,Error,Error
1.0,Doesn’t freeze well,"There is no plug for the water to help freeze instead of leaking out, not freezing well!",no plug water help freeze instead leaking not freezing well,Error,Error
5.0,Fun wigs for our wig & wine party,Fun wigs for our wig & wine party,fun wigs wig wine party,Error,Error
5.0,Loving the way it makes my hair shine.,The brush is wonderfully made. Its thickness really helps with messaging the scalp .,brush wonderfully made thickness really helps messaging scalp,Error,Error
5.0,OMG Holy 🥥 Coconut Hydration!,This moisturizer is so yummy! It's light weight but super hydrating! It smells so yummy! I'm really picky and I love the scent! It has great ingredients I just wish they had another option for a bigger bottle 😍🥥🥥🥥💝 I used this moisturizer on my boyfriend's face and mine and we both loved it :),moisturizer yummy light weight but super hydrating smells yummy im really picky love scent great ingredients wish another option bigger bottle used moisturizer boyfriends face mine loved,Error,Error
5.0,"Just Sit Back, Relax, and Chill with this Pair of Stainless Steel Thingamabobs! ❄️🥄","These shiny facial massage cryo sticks chill quickly, and I love that they come packaged within a clear plastic storage case with an instruction card! You can actually hear the anti-freeze/non-toxic liquid gel floating and bobbing around inside each stainless steel spoon/orb, and I love the ergonomic shape of each tool! The brightly colored turquoise handle tips help protect my fingers from the cold, and these futuristic-looking devices sit and balance nicely on various parts of my face! They do a great job of reducing swelling, puffiness, and fluid retention, and I think they’d make an affordable and unique gift for fans of at-home, cold therapy techniques! ☃️",shiny facial massage cryo sticks chill quickly love come packaged within clear plastic storage case instruction card actually hear antifreezenontoxic liquid gel floating bobbing around inside stainless steel spoonorb love ergonomic shape tool brightly colored turquoise handle tips help protect fingers cold futuristiclooking devices sit balance nicely various parts face great job reducing swelling puffiness fluid retention think theyd make affordable unique gift fans athome cold therapy techniques,Error,Error
5.0,I Couldn’t Be More Impressed! 💖,"I absolutely love this dual-headed face roller!! It’s gorgeously colored, easy to hold, attractively packaged, and competitively priced. I especially love using it after I’ve cleansed my skin and applied moisturizer, right before I start putting on my makeup. It instantly helps depuff my skin, and it seems to enhance the smooth coverage of every cream and foundation I use immediately afterwards. It has definitely become part of my daily skincare routine, and the aluminum alloy rollers are super smooth and manage to apply the perfect amount of weighted pressure!",absolutely love dualheaded face roller gorgeously colored easy hold attractively packaged competitively priced especially love using ive cleansed skin applied moisturizer right start putting makeup instantly helps depuff skin seems enhance smooth coverage every cream foundation use immediately afterwards definitely become part daily skincare routine aluminum alloy rollers super smooth manage apply perfect amount weighted pressure,Error,Error
5.0,Sweet Scents and Pamper-Worthy Products! 🛁,"The lavender bath bomb and rose-scented bath bomb and soap bar all feature light, feminine scents that pair nicely with the included candle! The stainless steel cup seems well-constructed and nicely sized, and the various tools and bottle openers are an appreciated bonus. This boxed set is ready for gifting and even comes with a blank card that can be easily personalized to some lucky recipient. I think this grouped assortment offers a nice variety of different and relaxing products that most customers would enjoy!",lavender bath bomb rosescented bath bomb soap bar feature light feminine scents pair nicely included candle stainless steel cup seems wellconstructed nicely sized various tools bottle openers appreciated bonus boxed set ready gifting even comes blank card easily personalized lucky recipient think grouped assortment offers nice variety different relaxing products customers would enjoy,Error,Error
5.0,These Masks Leave My Hair So Smooth and Shiny! 👩🏼,"I’ve used many Korean face masks before but never a hair mask specifically! I love that the treatments come packaged in individual pouches (which makes them perfect for travel), and I like that they come as a boxed set. After shampooing my hair and brushing it straight, it tucks easily into one of these pre-filled bags, and it’s simple enough to squish and massage the conditioning product around. I usually keep one on for a couple of hours, and it seems like the body heat associated with activity and movement helps the essence really penetrate every strand.<br /><br />The attached straps are easy to affix and release, and the product washes out smoothly enough and manages to leave my hair super shiny too! I love that this formula contains a blend of kernel oil, fermented yeast extract, and soybean seeds because they mix nicely with all of the floral notes and botanical aromas! These deep-conditioning treatments seem to work wonders for my color-treated and often heat-styled hair!",ive used many korean face masks but never hair mask specifically love treatments come packaged individual pouches makes perfect travel like come boxed set shampooing hair brushing straight tucks easily one prefilled bags simple enough squish massage conditioning product around usually keep one couple hours seems like body heat associated activity movement helps essence really penetrate every strandthe attached straps easy affix release product washes smoothly enough manages leave hair super shiny love formula contains blend kernel oil fermented yeast extract soybean seeds mix nicely floral notes botanical aromas deepconditioning treatments seem work wonders colortreated often heatstyled hair,Error,Error
5.0,Do the Elasticized Twist! 🪐,"I like the details of the twist-front designs on these stretchy headbands, and all of the fabrics feel soft and lightweight. Each one is easy enough to wash, and they come in a wide range of attractive colors, so I usually leave a couple in my car for unexpected hikes and impromptu workout sessions. They’re also great for holding my hair back during morning and evening skincare sessions, so I’d gladly recommend this multicolored variety pack to others!",like details twistfront designs stretchy headbands fabrics feel soft lightweight one easy enough wash come wide range attractive colors usually leave couple car unexpected hikes impromptu workout sessions theyre also great holding hair back morning evening skincare sessions id gladly recommend multicolored variety pack others,Error,Error
5.0,Great for Scooping Up and Spreading Around Globs and Dollops of Face Stuff!,"I think this is a great set of utilitarian beauty tools! If you've ever tried to apply a goopy face mask with just your fingers (looking at you gold-infused charcoal paste), then you know the struggle that often comes with scooping up products and then trying to spread them evenly before they start to dry in place. These bendy silicone-tipped spatula brush sticks and paddles streamline the entire process!<br /><br />All of the tools are lightweight, easy to clean, and they seem to be fairly durable! I love the candy-colored palette of pastel hues, and the various textures and tips offer plenty of versatility and flexibility. They are also great for hygienically scooping up globs and dollops of various creams and moisturizers that need to be kept as sanitary as possible for repeated applications. I'd definitely recommend this tool set to others!",think great set utilitarian beauty tools youve ever tried apply goopy face mask fingers looking goldinfused charcoal paste know struggle often comes scooping products trying spread evenly start dry place bendy siliconetipped spatula brush sticks paddles streamline entire processall tools lightweight easy clean seem fairly durable love candycolored palette pastel hues various textures tips offer plenty versatility flexibility also great hygienically scooping globs dollops various creams moisturizers need kept sanitary possible repeated applications id definitely recommend tool set others,Error,Error
5.0,"Convenient, Discrete, and Easy To Use","These medical-grade silicone scar removal sheets are so versatile! Acne scars, burn scars, and post-surgical scars all benefit from the consistent application of this painless product, and I love that it’s a viable alternative to topically applied creams and gels. I love that the flexible material comes rolled up like tape, and I appreciate that it can be cut and trimmed into custom shapes and sizes. The chosen flesh tone would likely suit many users, so it at least provides a certain degree of modest skin camouflage.<br /><br />The silicone component brightens, hydrates, moisturizes, softens, and repairs damaged skin, so repeated use truly does seem to make a noticeable difference. Scars slowly start to fade as the skin regeneration process kicks into high gear, and these sheets are actually reusable, washable, flexible, breathable, and easy to apply!",medicalgrade silicone scar removal sheets versatile acne scars burn scars postsurgical scars benefit consistent application painless product love viable alternative topically applied creams gels love flexible material comes rolled like tape appreciate cut trimmed custom shapes sizes chosen flesh tone would likely suit many users least provides certain degree modest skin camouflagethe silicone component brightens hydrates moisturizes softens repairs damaged skin repeated use truly seem make noticeable difference scars slowly start fade skin regeneration process kicks high gear sheets actually reusable washable flexible breathable easy apply,Error,Error
4.0,A Nicely Varied Shade of Jade!,"I have tried and tested many rollers and scrapers recently, so I inspected this duo closely. The gold hardware on this dual-ended roller seems reliably attached, and both ends roll freely, but the larger end does seem to have a small issue that causes it to bump with each revolution, preventing the rolling motion from being completely smooth and silent. That being said, it still adequately applies smooth and even pressure to the face with each systematic use!<br /><br />The gua sha scraper exhibits some scattered scuffs and scrapes, and the edges and “v” angle have some rough, white areas they don’t look perfectly polished, but all natural stones have imperfections to some degree. This set comes attractively packaged, and it seems to be affordably priced, so it might be a great choice for consumers looking for a starter facial set!",tried tested many rollers scrapers recently inspected duo closely gold hardware dualended roller seems reliably attached ends roll freely but larger end seem small issue causes bump revolution preventing rolling motion completely smooth silent said still adequately applies smooth even pressure face systematic usethe gua sha scraper exhibits scattered scuffs scrapes edges v angle rough white areas dont look perfectly polished but natural stones imperfections degree set comes attractively packaged seems affordably priced might great choice consumers looking starter facial set,Error,Error
5.0,Bee-Powered Skincare at its Finest! 🍯,"I’ve greatly enjoyed using this organic clover honey face mask! The texture is smooth and dreamy, and it seems to offer me a very nourishing skin treatment every time I use it. It rinses away cleanly after 20-30 minutes of wear, and I also love that this bee-powered skincare product is made in the USA, so I’d definitely recommend it to other consumers in search of a honey-infused facial concoction! Oh, and both the glass jar and paper box are recyclable, so it’s an eco-conscious pairing all around. 👍🏽♻️",ive greatly enjoyed using organic clover honey face mask texture smooth dreamy seems offer very nourishing skin treatment every time use rinses away cleanly minutes wear also love beepowered skincare product made usa id definitely recommend consumers search honeyinfused facial concoction oh glass jar paper box recyclable ecoconscious pairing around,Error,Error
5.0,Such a Brightly Patterned Variety! 🌾🌻,"This multicolored variety pack of headbands is so eye-catching, and the entire set has been quite affordably priced! Each headband is lightweight, adorably designed, and universally sized, and the elastic portions along the back feel reliable and secure. The decorative plastic buttons on each side can sustain some pull, so I believe that they’re there to optionally provide a resting place for the ear loops of face masks. Regardless, I think all of the patterns are vivid and cute, so I’d gladly recommend these boho hair accessories to others!",multicolored variety pack headbands eyecatching entire set quite affordably priced headband lightweight adorably designed universally sized elastic portions along back feel reliable secure decorative plastic buttons side sustain pull believe theyre optionally provide resting place ear loops face masks regardless think patterns vivid cute id gladly recommend boho hair accessories others,Error,Error
5.0,A Refreshing Botanical Cleanser! 🧡,"This foaming cleanser genuinely provides an oil-free approach to daily acne control. I like that it contains botanical extracts, and it seems to provide a gentle, yet thorough, clean! It’s nicely packaged, affordably priced, has a pleasant scent, a 2+ year shelf life, and it always leaves my skin feeling nourished, soft, and smooth. I’d recommend it to others without hesitation!",foaming cleanser genuinely provides oilfree approach daily acne control like contains botanical extracts seems provide gentle yet thorough clean nicely packaged affordably priced pleasant scent year shelf life always leaves skin feeling nourished soft smooth id recommend others without hesitation,Error,Error
4.0,What a “Cheeky” Product! 🍑,"I can honestly say that this was the first time I’ve ever applied a sheet mask to my behind, but I’m always up for testing out new and inventive skincare items! Each product pouch contains plenty of hydrating essence, and each of the two included sheet masks folds out to make a quarter moon shape. It is definitely a bit challenging to try and place them by yourself, since it requires trying to twist your body around to see a mirror, but they’d be super easy to “seat” properly if you had an extra hand.<br /><br />I will say that they do cling fairly well, and the essence feels nourishing, but the sheets ripple quickly with minor motions or movement. If you’re standing when you place them and then lie down on your stomach, they shift around and lose some of their clinging magnetism, causing little ridges and ripples in the cloth that are no longer in firm contact with the skin. Upon removal, the remaining liquid essence does easily absorb, so I didn’t experience any post-use stickiness or unpleasant residue, but I’m not entirely convinced the panthenol is a wonder ingredient.<br /><br />I’m sure the amino acid solution does firm, tone, and moisturize the skin to a certain degree, but it’s hard to really ascertain that after just one application, and since each pouch contains just one pair of treatment sheets, more of them would be required to determine if any noticeable benefits accumulated over time. Overall, I think this is an intriguing novelty item that many consumers might find humorous, so for that reason alone, I think it’s worth giving these a try!",honestly say first time ive ever applied sheet mask behind but im always testing new inventive skincare items product pouch contains plenty hydrating essence two included sheet masks folds make quarter moon shape definitely bit challenging try place since requires trying twist body around see mirror but theyd super easy seat properly extra handi say cling fairly well essence feels nourishing but sheets ripple quickly minor motions movement youre standing place lie stomach shift around lose clinging magnetism causing little ridges ripples cloth no longer firm contact skin upon removal remaining liquid essence easily absorb didnt experience postuse stickiness unpleasant residue but im not entirely convinced panthenol wonder ingredientim sure amino acid solution firm tone moisturize skin certain degree but hard really ascertain one application since pouch contains one pair treatment sheets would required determine noticeable benefits accumulated time overall think intriguing novelty item many consumers might find humorous reason alone think worth giving try,Error,Error
5.0,Tea Tree Cleanliness That’s Perfectly Sized! 🌳,"This hand soap provides an effective and hygienic sense of all-natural clean! While I don’t readily detect a heady scent of lavender oil, I will say that an earthy tea tree scent is freshly omnipresent. I love that this is a vegan, cruelty-free product that’s been consciously sourced, packaged, and produced, and the included pump dispenser seems to be quite sturdy and reliable. I appreciate that the bottle arrived with a secure safety seal in place, and I definitely didn’t have any product leak out during shipment. There’s also an expiration date handily provided on the bottle’s base.<br /><br />This slippery, soapy gel solution creates a visible sudsing effect, and it feels quite hydrating overall! It rinses away cleanly and leaves my family’s hands feeling nice and soft every time. I love using essential oils to help provide a renewed sense of revitalization and freshness around my home, so I’m gladly adding this Canadian hand wash to my daily cleansing arsenal.",hand soap provides effective hygienic sense allnatural clean dont readily detect heady scent lavender oil say earthy tea tree scent freshly omnipresent love vegan crueltyfree product thats consciously sourced packaged produced included pump dispenser seems quite sturdy reliable appreciate bottle arrived secure safety seal place definitely didnt product leak shipment theres also expiration date handily provided bottles basethis slippery soapy gel solution creates visible sudsing effect feels quite hydrating overall rinses away cleanly leaves familys hands feeling nice soft every time love using essential oils help provide renewed sense revitalization freshness around home im gladly adding canadian hand wash daily cleansing arsenal,Error,Error
5.0,Stainless Steel Perfection!,"This is the first time I’ve ever used a stainless steel version of a gua sha scraper tool, but I’ve been decidedly pleased with the overall results! I love the super slick, shiny surface of this heart-shaped piece, and it’s always cool to the touch at room temperature. It’s comfortable to hold, has a very slim profile, and it always immediately provides a relaxing sense of rebalanced alignment. This gua sha tool also comes with a pink polishing cloth and a red leather storage pouch! The snap is secure and reliable, the stitching is straight, and the scraper device fits snugly inside. I’m really pleased with this product overall!",first time ive ever used stainless steel version gua sha scraper tool but ive decidedly pleased overall results love super slick shiny surface heartshaped piece always cool touch room temperature comfortable hold very slim profile always immediately provides relaxing sense rebalanced alignment gua sha tool also comes pink polishing cloth red leather storage pouch snap secure reliable stitching straight scraper device fits snugly inside im really pleased product overall,Error,Error
4.0,Pearlescent Purple Pretties! Backing Cards Bent,"These do make affordably unique party favor gifts! The holographic print diamond ring designs are pretty, and I think the featured wording is memorable and cute! I will say that these hair coils are slightly larger than several others I’ve tried, so they don’t seem to be as tight and stretchy as the ones I’m generally used to, but they do make a nice “ring” design for the card, and the iridescent shade of purple is really attractive. Since they all come squashed together in a plastic bag with a slide zipper, they do move around and bend a lot. Because of that, 3 of the 7 decorative backing cards I received had obvious crinkles and bends across one bottom corner. They did flatten back out for the most part, but I still wish I’d received an entire set of pristine cards that were undamaged. They’d make great gifts for bachelorette parties or bridal shower events!",make affordably unique party favor gifts holographic print diamond ring designs pretty think featured wording memorable cute say hair coils slightly larger several others ive tried dont seem tight stretchy ones im generally used but make nice ring design card iridescent shade purple really attractive since come squashed together plastic bag slide zipper move around bend lot decorative backing cards received obvious crinkles bends across one bottom corner flatten back part but still wish id received entire set pristine cards undamaged theyd make great gifts bachelorette parties bridal shower events,Error,Error
5.0,"Soft, Lightweight, Nice to Have on Hand! 🛁","This ivory-colored bath mitt comes packaged in a resealable pink pouch, and it’s super lightweight! The packaging says it is 100% natural silk, but it does look and feel more like a linen/cotton fabric. Regardless, it’s soft enough to be gentle, but just textured enough to provide some noticeable friction for exfoliation! It fits comfortably over my hand, and it’s simple enough to grip and hold and air dry after each use. It can be used alone with warm water, but I’ve used it in combination with several body scrubs and it further works to enhance the gritty benefits of all of my exfoliating sugar and salt concoctions. I’d recommend this natural glove for all skin types, and it can be used in conjunction with bath OR shower time. I’d realistically pay $12-$15 for it, but I’m pleased with its overall performance!",ivorycolored bath mitt comes packaged resealable pink pouch super lightweight packaging says natural silk but look feel like linencotton fabric regardless soft enough gentle but textured enough provide noticeable friction exfoliation fits comfortably hand simple enough grip hold air dry use used alone warm water but ive used combination several body scrubs works enhance gritty benefits exfoliating sugar salt concoctions id recommend natural glove skin types used conjunction bath shower time id realistically pay but im pleased overall performance,Error,Error
5.0,"Nourishing, Organic Cream from California!","Vitamin C is definitely an essential component of a healthy body and skincare routine, and I love that this smooth cream also contains shea butter, vitamin E oil, rosemary, jojoba oil, aloe vera, cocoa butter, and lavender essential oil. This lotion has a pleasant scent, and it seems to work great with overnight applications. It leaves my skin feeling hydrated and moisturized the next morning, and it has even helped diminish the appearance of minor blemishes over time. I love that this product is USDA-certified organic and that it’s made in small batches in the USA! The tub comes adequately sealed with a clearly marked expiration date, and I think it’s affordably priced for the results it provides. 🌤",vitamin c definitely essential component healthy body skincare routine love smooth cream also contains shea butter vitamin e oil rosemary jojoba oil aloe vera cocoa butter lavender essential oil lotion pleasant scent seems work great overnight applications leaves skin feeling hydrated moisturized next morning even helped diminish appearance minor blemishes time love product usdacertified organic made small batches usa tub comes adequately sealed clearly marked expiration date think affordably priced results provides,Error,Error
5.0,Pale Pink Perfection! 🌸,"I love this skincare set! The pale pink rose quartz hue is such a pretty shade, and the paired duo arrives safely nestled within a cushioned pillow of foam cutouts. The dual-ended roller exhibits smooth and silent movement, and the gua sha stone is perfectly sized and comfortable to hold! The warm gold metal hardware pieces complement the pink color beautifully, and the overall craftsmanship of this set is impressive. This product would make a chic and affordable gift for yourself or a loved one!",love skincare set pale pink rose quartz hue pretty shade paired duo arrives safely nestled within cushioned pillow foam cutouts dualended roller exhibits smooth silent movement gua sha stone perfectly sized comfortable hold warm gold metal hardware pieces complement pink color beautifully overall craftsmanship set impressive product would make chic affordable gift loved one,Error,Error
5.0,"Each Portable Pouch Contains a Clear, Floral-Scented Gel!","The blend of royal jelly, botanical, and floral extracts gives this Korean beauty essence a nice ingredient profile, and the overall scent is pleasingly fresh and sweet. Each of the pouches has a small twist-off cap and the liquid contents are clear (and seem to have a high water content). The spread solution initially dries a little stickier than I’d prefer it to (stickier than a well-absorbed moisturizing lotion would), but the eventual result feels hydrating overall. Due to the compact size and flattened shape, these pouches would be great for travel. Especially after a day at the beach!",blend royal jelly botanical floral extracts gives korean beauty essence nice ingredient profile overall scent pleasingly fresh sweet pouches small twistoff cap liquid contents clear seem high water content spread solution initially dries little stickier id prefer stickier wellabsorbed moisturizing lotion would but eventual result feels hydrating overall due compact size flattened shape pouches would great travel especially day beach,Error,Error
4.0,The Fabric Tends to Ripple Somewhat,"These nipple covers aren't perfect in every way, but they do offer some reassuring coverage! I do like that they come in 2 different shapes, and I like that they’re super lightweight and easily portable. The satin coverings are soft and smooth, and the light beige hue is an acceptable shade that would complement several skin tones. I will say that the paper backings don’t peel off smoothly every time, and the fabric has a slight tendency to wrinkle and ripple, so the covers don’t stay completely flat throughout the entire duration of wear. The rippled texture is still somewhat visible under t-shirts, the edges are slightly detectable, and I think I’d have to layer two of them together to really ensure full coverage. I’ve had no adverse reactions to the adhesive component, they peel off easily, and I even wore a pair while sweating in the summer heat in Texas, and they stayed firmly in place.",nipple covers arent perfect every way but offer reassuring coverage like come different shapes like theyre super lightweight easily portable satin coverings soft smooth light beige hue acceptable shade would complement several skin tones say paper backings dont peel smoothly every time fabric slight tendency wrinkle ripple covers dont stay completely flat throughout entire duration wear rippled texture still somewhat visible tshirts edges slightly detectable think id layer two together really ensure full coverage ive no adverse reactions adhesive component peel easily even wore pair sweating summer heat texas stayed firmly place,Error,Error
5.0,Hydrating and Delightfully Scented Bits of Eye Gold! 🤩,"This boxed set of smooth, golden eye mask pairs is totally fabulous! Each pair comes individually packaged, making this collected group of beauty accessories excellent swag-bag additions or party favor gifts! The included serum feels incredibly hydrating and smells absolutely divine. I’ve used several different brands of similar eye masks, and these are noticeably thicker and more substantial than every other pair I’ve tried! Even at room temperature, they instantly provide a cooling sensation when applied to the face. They adhere well to skin, but due to their weight and size, they do have a slight tendency to slip downward with gravity. For that reason, I suggest lying flat or reclining while wearing them, so that they stay as close to the lower lash line as possible. Each package still contains some extra serum after the eye masks are removed, so I massage that residual liquid onto my neck for added moisture potential. The combination of hyaluronic acid, collagen, and 24k nanogold particles leaves my under eye area feeling incredibly hydrated and refreshed. Consistent use of this product helps combat fine lines, puffiness, and dark circles over time, so I’m thrilled the whole set is so affordable! I couldn’t be more pleased with this product.",boxed set smooth golden eye mask pairs totally fabulous pair comes individually packaged making collected group beauty accessories excellent swagbag additions party favor gifts included serum feels incredibly hydrating smells absolutely divine ive used several different brands similar eye masks noticeably thicker substantial every pair ive tried even room temperature instantly provide cooling sensation applied face adhere well skin but due weight size slight tendency slip downward gravity reason suggest lying flat reclining wearing stay close lower lash line possible package still contains extra serum eye masks removed massage residual liquid onto neck added moisture potential combination hyaluronic acid collagen k nanogold particles leaves eye area feeling incredibly hydrated refreshed consistent use product helps combat fine lines puffiness dark circles time im thrilled whole set affordable couldnt pleased product,Error,Error
5.0,A Great Way To Start the Day! 🍊💦,"This face wash provides an invigorating sense of clean with a burst of fresh citrus zing! I love that it contains aloe vera, vitamin C, rose hip oil, and lemon and orange peels! 🍋 It goes on smoothly, rinses off easily, and seems to have an ideal consistency. I have gladly added this vegan product to my daily skincare regimen, and I’d order it again without hesitation. It provides smoothing, hydrating, radiant results and it smells incredibly delightful!",face wash provides invigorating sense clean burst fresh citrus zing love contains aloe vera vitamin c rose hip oil lemon orange peels goes smoothly rinses easily seems ideal consistency gladly added vegan product daily skincare regimen id order without hesitation provides smoothing hydrating radiant results smells incredibly delightful,Error,Error
5.0,Delightful Set of Rose Quartz Rollers!! 💞,"This is a beautiful and affordably priced facial set! The Brazilian rose quartz stones are a pale shade of pearlescent pink, and the rose gold hardware is the perfect complement to them! The rollers move silently, as promised, and they don’t seem to rust or wear out in any way. The stones are cool to the touch at room temperature, but placing them in the refrigerator (before use) ensures an ultra-chilled experience. I love that the magnetic box lid has instructions printed on the underneath side, and the soft, drawstring pouch is an added bonus! The set even comes with a informational mineral card that provides reassuring details about the quartz pieces featured. Each tool is perfectly nestled within in its own compartmentalized cutout, and the rollers definitely seem to help increase circulation and boost overall skin radiance! This would definitely make a perfect gift set for someone!",beautiful affordably priced facial set brazilian rose quartz stones pale shade pearlescent pink rose gold hardware perfect complement rollers move silently promised dont seem rust wear way stones cool touch room temperature but placing refrigerator use ensures ultrachilled experience love magnetic box lid instructions printed underneath side soft drawstring pouch added bonus set even comes informational mineral card provides reassuring details quartz pieces featured tool perfectly nestled within compartmentalized cutout rollers definitely seem help increase circulation boost overall skin radiance would definitely make perfect gift set someone,Error,Error
4.0,"Finally, a portable hairbrush for my hair.","I have thick, wavy hair and need a thick brush. Over a decade ago I discovered that boar bristles work best, but finding one I can take with me was a process. I didn't like those with exposed bristles, so there weren't many options. This is the first folding boar-bristle brush I found.<br /><br />The plastic is light and gives the impression that it isn't of the best quality, but it's survived my backpack just fine. This is a portable brush, so using it requires more strokes through my hair, but that's a price I'm not hesitant to pay. It's come in handy for my kids too, who also have the same hair-and-brush combination.",thick wavy hair need thick brush decade ago discovered boar bristles work best but finding one take process didnt like exposed bristles werent many options first folding boarbristle brush foundthe plastic light gives impression isnt best quality but survived backpack fine portable brush using requires strokes hair but thats price im not hesitant pay come handy kids also hairandbrush combination,Error,Error
5.0,Awesome,Love it,love,Error,Error
5.0,Love it,This is an amazing contour pallette,amazing contour pallette,Error,Error
5.0,Good product,Works great,works great,Error,Error
5.0,Great!,I've been using this product for over 10 years. Never disappoints.,ive using product years never disappoints,Error,Error
3.0,Very large and heavy,This is a very large and heavy dryer.  I am keeping it as I need one right now but would not buy it again.  Hard to handle.  Certainly too large to travel with.,very large heavy dryer keeping need one right but would not buy hard handle certainly large travel,Error,Error
5.0,My favorite.,My favorite facial wash!,favorite facial wash,Error,Error
5.0,Good product,"These are just the right size, and do the job.",right size job,Error,Error
5.0,PERFECT,This's a great product especially if you're lazy like me.,thiss great product especially youre lazy like,Error,Error
5.0,soft!,eco friendly and very soft,eco friendly very soft,Error,Error
5.0,pretty,good length thick enough to not snap off,good length thick enough not snap,Error,Error
5.0,very pretty,pompoms are a lil small headband is comfortable,pompoms lil small headband comfortable,Error,Error
5.0,Waterproof!,"Got this bag to wash the dogs feet in when they come in from outside.<br />So tired of trying to wash them and I've tried the small bucket thing to dip their feet but they don't work cuz their feet are so big, lol.<br />This bag I just fill up and have them walk right in and I clean them up, works great! No water leaks!",got bag wash dogs feet come outsideso tired trying wash ive tried small bucket thing dip feet but dont work cuz feet big lolthis bag fill walk right clean works great no water leaks,Error,Error
5.0,Dries quick!,This nail lamp was bought for myself and the girls when we meet up for beauty time!<br />We keep fighting over who is going to use the lamp next so we decided to get a few of them Lol.<br /><br />Now this one in particular I enjoy using because it dries fast plus I don't feel the heat so much like other lamps. Definitely a good one in my book!,nail lamp bought girls meet beauty timewe keep fighting going use lamp next decided get lolnow one particular enjoy using dries fast plus dont feel heat much like lamps definitely good one book,Error,Error
5.0,Perfect for removal,This kit comes with everything you need to take off nail polish.<br />This particular set was for my mother in law who is just getting into gel polishes and she didn't understand what the clips were for at first 🤣<br />After I showed her how it took off the polish with scrubbing she was SOOOOO glad I got her this set!,kit comes everything need take nail polishthis particular set mother law getting gel polishes didnt understand clips first showed took polish scrubbing sooooo glad got set,Error,Error
5.0,Check these nails out!,"Never tried poly gel before, definitely not easy but worth it! Check out my nails in the photo, came out beautifully and they are very strong!",never tried poly gel definitely not easy but worth check nails photo came beautifully very strong,Error,Error
5.0,Been obsessed with gels 💅🏻,I've had an obsession with gels with my time off from work these past months and I wanted to try this color changing polish.<br />It comes with designs and while the color itself is dark it does change.<br />I am enjoying trying the designs but man it does take practice!!!,ive obsession gels time work past months wanted try color changing polishit comes designs color dark changei enjoying trying designs but man take practice,Error,Error
5.0,Good for your pores 🧼🧼🧼,Great for your pores and acne. My husband's back started breaking out and after using this for a few days it's clearing up and looks less irritated. Plus it came with a bag which I didn't know what for until I read the instructions and it is a foaming bag and it really makes the soap foam!,great pores acne husbands back started breaking using days clearing looks less irritated plus came bag didnt know read instructions foaming bag really makes soap foam,Error,Error
5.0,Softness again!,"Made my hair soft again! Not the easiest thing to get on when you have long hair but I managed. Then after the time required I wash my hair and couldn't believe how soft it was. It hasn't been that soft in a long time. So I definitely think it was worth the trouble stuffing all my hair in there and letting it sit plus it doesn't smell the greatest, nor does it smell bad I'm just used to very perfumed shampoos. But I'll definitely be using it again.",made hair soft not easiest thing get long hair but managed time required wash hair couldnt believe soft hasnt soft long time definitely think worth trouble stuffing hair letting sit plus doesnt smell greatest nor smell bad im used very perfumed shampoos but ill definitely using,Error,Error
5.0,Awesome foundation!,"I am so glad they made a product like this because I can never seem to find the right color to match my skin and I end up with that Foundation the line on my chin with the two different colors. Not only is this product lightweight, it smells nice, plus it blends in with my skin tone almost perfectly. This is definitely going to be my go to Foundation.",glad made product like never seem find right color match skin end foundation line chin two different colors not product lightweight smells nice plus blends skin tone almost perfectly definitely going go foundation,Error,Error
5.0,Five Stars,Exactly what I was looking for.  Thank you.,exactly looking thank,Error,Error
5.0,Germa Manteca Ubre Plus,This is the best thing ever!!!!! I have pain 24/7 and this is awesome!!! I rub this on and the warmth is felt right away! Better than the prescription creams they've given me! I can't sleep without it!!!!,best thing ever pain awesome rub warmth felt right away better prescription creams theyve given cant sleep without,Error,Error
5.0,Work great.  Fair price.,Work great.  Fair price.,work great fair price,Error,Error
4.0,Good product,So far this seems to be a good product. It definitely helps rid me of acne scar when used within a combination of other products.,far seems good product definitely helps rid acne scar used within combination products,Error,Error
5.0,Five Stars,My daughter loves the foot pedicure unit.,daughter loves foot pedicure unit,Error,Error
5.0,these are great,"well, I love the picture!!!!!!!!  granddaughters absconded with them and are very reluctant to share.  I will be buying some more so I can actually hold my hair back.",well love picture granddaughters absconded very reluctant share buying actually hold hair back,Error,Error
5.0,safe step,safe step up to whatever you can't reach.  i use it to get into the tub easier.  it is quality built and does the job.,safe step whatever cant reach use get tub easier quality built job,Error,Error
5.0,Better than the originals,I got these because I have tiny wrists and the originals were annoying when I was typing and didn’t have my hair up.  They work just as well and are half the thickness.,got tiny wrists originals annoying typing didnt hair work well half thickness,Error,Error
5.0,Can’t beat this deal!,Great amount of products for the price.  A lot of sample sizes but the value on some of the products is insane.  Loved trying so many things that I wouldn’t consider normally.,great amount products price lot sample sizes but value products insane loved trying many things wouldnt consider normally,Error,Error
5.0,Great bag,Honest and True: My husband enjoys keeping is travel items organized and it’s helps me to keep him properly packed. Great travel bag.,honest true husband enjoys keeping travel items organized helps keep properly packed great travel bag,Error,Error
4.0,Good...But Not My Favorite,"Despite having a thick-ish, creamy consistency, the conditioner not only dispenses without issue, its also easy to work into/rinse from hair. Does a nice job of protecting color while detangling and softening. However, I don't really notice any added shine or volume.<br /><br /> I'm beyond thrilled to say it has the unique Moroccanoil product scent that not only smells lovely but actually lasts for a decent amount of time; a rarity with my hair!<br /><br />I love Moroccanoil products and while I do like this, its not my favorite in the line.  I have no plans to purchase this in the future, I'll stick with their hydrating conditioner.<br /><br />Overall score is 3.5 stars",despite thickish creamy consistency conditioner not dispenses without issue also easy work intorinse hair nice job protecting color detangling softening however dont really notice added shine volume im beyond thrilled say unique moroccanoil product scent not smells lovely but actually lasts decent amount time rarity hairi love moroccanoil products like not favorite line no plans purchase future ill stick hydrating conditioneroverall score stars,Error,Error
5.0,A Reasonably Priced Product That Works Very Well,"This is a very reasonably priced exfoliator that does a great job of exfoliating and cleansing as well as hydrating and smoothing.  Its packed with antioxidants that are excellent for good skin health.  The instructions says to use 2-4 times a week. I use it twice a week and follow with a good facial moisturizer. I can't say that I experienced a change in my aging skin but I also haven't been using it very long. There is a nice scent that is pretty much gone once the product has been rinsed off.<br /><br />I  have dry, sensitive skin and have no issues using this.",very reasonably priced exfoliator great job exfoliating cleansing well hydrating smoothing packed antioxidants excellent good skin health instructions says use times week use twice week follow good facial moisturizer cant say experienced change aging skin but also havent using very long nice scent pretty much gone product rinsed offi dry sensitive skin no issues using,Error,Error
5.0,"Perfect for My Dry, Sensitive, Aging Skin","This is an ideal moisturizer for my dry, sensitive, aging skin. It applies easily and absorption is fast. Does a nice job of calming the patches of eczema while moisturizing and firming. I like the ingredients, especially the cactus oil. There is a scent; its a nice scent but it fades quickly. The price is on the high side but worth it.",ideal moisturizer dry sensitive aging skin applies easily absorption fast nice job calming patches eczema moisturizing firming like ingredients especially cactus oil scent nice scent but fades quickly price high side but worth,Error,Error
4.0,A Good Aloe/Hyaluronic Gel Cream-(but the jar isn't full?),"This is a nice, light gel cream packed with aloe and hyaluronic acid, 2 things I love to use on my dry, sensitive aging skin. Easy to apply-a little goes a long way. Absorption is fast and does not leave a greasy/stick feel behind.  Instantly hydrates and soothes the red patches of inflammation that plagues my skin.<br /><br />The cream itself if a light blue-ish/grey-ish color but don't worry, it doesn't discolor skin. There is a  bit of a scent that I find to be medicinal though it fades quickly.<br /><br />I do not know if it occurred during shipping (the product shifted) or if its normal but my jar seemed to be missing some cream (see photo). Despite this, its still a good, affordable cream that works well on even the driest of skin.",nice light gel cream packed aloe hyaluronic acid things love use dry sensitive aging skin easy applya little goes long way absorption fast not leave greasystick feel behind instantly hydrates soothes red patches inflammation plagues skinthe cream light blueishgreyish color but dont worry doesnt discolor skin bit scent find medicinal though fades quicklyi not know occurred shipping product shifted normal but jar seemed missing cream see photo despite still good affordable cream works well even driest skin,Error,Error
5.0,Delivers Results I Rarely See w/Other Like Products,"While XXI Bio-Pure facial moisturizer is packed with great skin care ingredients such as jojoba, shea butter, aloe vera, sunflower seed oil and glycerin, I think its the Vitamin C that really makes this an exceptional product.  At least for my skin it's exceptional.<br /><br />This is a nice, lightweight moisturizer that absorbs quickly and doesn't cause skin to look/feel oily or greasy.  It softens and smooths skin. Fine lines are thinned. My dry, sensitive skin looks and feels refreshed.  And thanks to Vitamin C, my normally dull skin has a dewy glow.  I've not found many products that are able to do this to my skin but XXI does!<br /><br />I have dry , sensitive skin and have no issues with this cream<br /><br />XXI works. It works VERY well and some results like soft, smooth skin occur immediately after use.  Results are long lasting.  XXI recommends using this in the morning and at night. I use it once a day in the morning.  A very small amount is sufficient to cover my face.  Because it works so well and delivers great results and only a small amount is needed per use, I do believe the price is reasonable. However, if you find this isn't right for you, XXI offers a 30 day satisfaction guarantee. I absolutely recommend XXI Bio-Pure lotion.",xxi biopure facial moisturizer packed great skin care ingredients jojoba shea butter aloe vera sunflower seed oil glycerin think vitamin c really makes exceptional product least skin exceptionalthis nice lightweight moisturizer absorbs quickly doesnt cause skin lookfeel oily greasy softens smooths skin fine lines thinned dry sensitive skin looks feels refreshed thanks vitamin c normally dull skin dewy glow ive not found many products able skin but xxi doesi dry sensitive skin no issues creamxxi works works very well results like soft smooth skin occur immediately use results long lasting xxi recommends using morning night use day morning very small amount sufficient cover face works well delivers great results small amount needed per use believe price reasonable however find isnt right xxi offers day satisfaction guarantee absolutely recommend xxi biopure lotion,Error,Error
5.0,High Quality Product That Delivers High Quality Results,"""Best shave I've ever had.  Gives me a close shave with no tugging. Better than an electric razor"".<br /><br />That's the first thing my husband had to say after he tested SUPRENT's  Matrix Cutter Head travel kit razor for the first time.  And what a kit this is. A razor handle, 2-blade refills (each with the first of its kind 6 ultra-thin blades total!), a dock to hold the razor and a bottle of shaving foam are included.<br /><br />The handle is sleek and heavy but easy and comfortable to hold.  The head doesn't pivot  but it doesn't need to thanks to the 38.5 degree shaving angle. It glides perfectly along the jaw line and chin areas without missing a spot.<br /><br />The base is heavy-ish and holds the razor well. Doesn't tip or wobble.<br /><br />He's not a fan of the shaving foam. Says he must 'really rub it in' in order for it to foam.  He used it once and switched back to his regular brand.<br /><br />Suprent has really come out with an awesome razor kit. The presentation is gorgeous and the product works exceptionally well.  Without a doubt this is worthy of gift giving.  The price is reasonable.<br /><br />Highly recommended",best shave ive ever gives close shave no tugging better electric razorthats first thing husband say tested suprents matrix cutter head travel kit razor first time kit razor handle blade refills first kind ultrathin blades total dock hold razor bottle shaving foam includedthe handle sleek heavy but easy comfortable hold head doesnt pivot but doesnt need thanks degree shaving angle glides perfectly along jaw line chin areas without missing spotthe base heavyish holds razor well doesnt tip wobblehes not fan shaving foam says must really rub order foam used switched back regular brandsuprent really come awesome razor kit presentation gorgeous product works exceptionally well without doubt worthy gift giving price reasonablehighly recommended,Error,Error
4.0,Deeply and Gently Cleans Pores,"I love how easily and quickly  Tinazana's Pineapple Deep Cleanser becomes a creamy lather that feels really nice on my face.  A very small amount of the cleanser does a great job of deeply cleaning pores and removing dead skin cells. My face feels fresh and clean after cleansing. But it does dry out my skin a bit.  Because I follow up using toner and moisturizer, this isn't a huge deal for me and doesn't prevent me from continuing to use Tinazana cleanser.  There is a light, faint, fresh scent that I enjoy. Surprisingly, it doesn't smell like pineapple to me.  It also doesn't last; when I rinse the cleanser off, I can no longer detect the scent at all.<br /><br />Due to skin sensitivity issues, I sometimes have issues with citrus based products. I know pineapple technically isn't a citrus fruit but I was a bit concerned it might be too harsh on my skin. Its not. No burning or itching at all.<br /><br />I like this cleanser a lot. Does a great job, even with drying my skin a bit.  The price is reasonable. This is a cleanser I will continue to use and I recommend it.<br /><br />My overall rating is 4.5 stars.",love easily quickly tinazanas pineapple deep cleanser becomes creamy lather feels really nice face very small amount cleanser great job deeply cleaning pores removing dead skin cells face feels fresh clean cleansing but dry skin bit follow using toner moisturizer isnt huge deal doesnt prevent continuing use tinazana cleanser light faint fresh scent enjoy surprisingly doesnt smell like pineapple also doesnt last rinse cleanser no longer detect scent alldue skin sensitivity issues sometimes issues citrus based products know pineapple technically isnt citrus fruit but bit concerned might harsh skin not no burning itching alli like cleanser lot great job even drying skin bit price reasonable cleanser continue use recommend itmy overall rating stars,Error,Error
5.0,Crisp and Refreshing!,"I LOVE Hask hair products. I'm a huge fan and have been for some time. So, I was super excited test Hask's body wash.  But I had a problem right from the start. I had to decide between 4 fantastic choices!  Coconut, Lavender + Vanilla, Cucumber + Aloe and Shea + Cocoa Butter. Since it was very warm outside the day I ordered and with summer rapidly approaching, I chose Cucumber + Aloe.<br /><br />Perfect choice!<br /><br />This is a 2 pack of 24.5oz Hask Cucumber + Aloe Body wash. The scent is delicious- light , crisp and not at all overwhelming. The bottle's pump dispenses easily as well as a  good amount of body wash. It lathers quickly and does a great job of cleansing skin.  I also use it while shaving my legs and it works well.  When I step out of the bathtub my skin feels wonderful and I feel nice and relaxed.  The aloe helps hydrate and moisturize my dry, sensitive skin.<br /><br />The 2 bottles are big in size and will last for quite some time in our home.  That, along with the great results make the price reasonable. Recommended!",love hask hair products im huge fan time super excited test hasks body wash but problem right start decide fantastic choices coconut lavender vanilla cucumber aloe shea cocoa butter since very warm outside day ordered summer rapidly approaching chose cucumber aloeperfect choicethis pack oz hask cucumber aloe body wash scent delicious light crisp not overwhelming bottles pump dispenses easily well good amount body wash lathers quickly great job cleansing skin also use shaving legs works well step bathtub skin feels wonderful feel nice relaxed aloe helps hydrate moisturize dry sensitive skinthe bottles big size last quite time home along great results make price reasonable recommended,Error,Error
5.0,An Amazing Duo!,"John Frieda's Detox shampoo/conditioner duo is an excellent way to revive and restore hair. The shampoo does a brilliant job of not only cleansing hair, it cleanses the scalp and washes away buildup leaving hair soft and shiny.  The conditioner detangles, hydrates and adds bounce to even the driest hair.<br /><br />Both have a nice scent though it doesn't last long, at least not in my hair!  Each is easy to work into hair and rinse out as well.  I like to use this duo once a week. I experience no color fading or allergic reactions as I have sensitive skin.  Definitely worth the price and absolutely recommended!",john friedas detox shampooconditioner duo excellent way revive restore hair shampoo brilliant job not cleansing hair cleanses scalp washes away buildup leaving hair soft shiny conditioner detangles hydrates adds bounce even driest hairboth nice scent though doesnt last long least not hair easy work hair rinse well like use duo week experience no color fading allergic reactions sensitive skin definitely worth price absolutely recommended,Error,Error
5.0,FABULOUS Brush!,"I'm so amazed by boar bristle hairbrushes and how incredible they make hair look and feel.  This GAINWELL boar bristle brush is a wonderful, compact brush. It may be small but it works wonders on our family's hair.  It works through tangles without pulling or causing pain while leaving hair soft, shiny and manageable.  The compact size makes it perfect for travel, to keep in a purse, a school/gym locker, briefcase or even a pocket.  If you've never experienced a boar bristle brush, I HIGHLY recommend giving it a try. You can't be the price and the results will be worth it!  If, for some reason you're not satisfied, GAINWELL asks you to contact them for assistance. I can't imagine they receive a ton of calls with issues but its great to know customer service is a  priority!",im amazed boar bristle hairbrushes incredible make hair look feel gainwell boar bristle brush wonderful compact brush may small but works wonders familys hair works tangles without pulling causing pain leaving hair soft shiny manageable compact size makes perfect travel keep purse schoolgym locker briefcase even pocket youve never experienced boar bristle brush highly recommend giving try cant price results worth reason youre not satisfied gainwell asks contact assistance cant imagine receive ton calls issues but great know customer service priority,Error,Error
5.0,Pamper Yourself...,"Thanks to dry, sensitive skin, I'm always a bit concerned when trying new skin care products. With regards to masks, I've tried some that have worked well, some that caused my skin to burn and some that caused my already dry skin to become even drier.  It makes me SO happy to report that I do not experience any negative issues with HUXLEY Secret of the Sahara Clay mask.  I would have been crushed if I had experienced a negative reaction because this really is one heck of a clay mask!<br /><br />Huxley is a nice, gentle mask. But don't let that fool you, it may be gentle but it does a heck of an exceptional job!  It applies nice and easy.  I let it sit on my skin for 10 minutes before rinsing with lukewarm water, right before its nearly dry.  It exfoliates well leaving my skin soft, smooth , a bit brighter and healthy. Dead skin cells are washed away.  My skin literally feels GOOD after using Huxley.  This mask does have a light scent but it doesn't last long. It is recommended Huxley be used 1-3 times a week. I use it twice a week though I could probably get away with using it only a week because the results Huxley delivers are long lasting.<br /><br />I'm so relieved I will be able to continue to use this mask on my skin. Silly as it may sound  I kind of feel like I'm pampering myself when I use it-it makes my skin feel that GOOD!  I will continue to use/purchase Huxley, I'm that satisfied/impressed with what it does for my skin.  I absolutely recommend Huxley.",thanks dry sensitive skin im always bit concerned trying new skin care products regards masks ive tried worked well caused skin burn caused already dry skin become even drier makes happy report not experience negative issues huxley secret sahara clay mask would crushed experienced negative reaction really one heck clay maskhuxley nice gentle mask but dont let fool may gentle but heck exceptional job applies nice easy let sit skin minutes rinsing lukewarm water right nearly dry exfoliates well leaving skin soft smooth bit brighter healthy dead skin cells washed away skin literally feels good using huxley mask light scent but doesnt last long recommended huxley used times week use twice week though could probably get away using week results huxley delivers long lastingim relieved able continue use mask skin silly may sound kind feel like im pampering use itit makes skin feel good continue usepurchase huxley im satisfiedimpressed skin absolutely recommend huxley,Error,Error
5.0,Fantastic Cream!,"I take Melatonin to help me sleep just about every night.  I had NO CLUE melatonin helps improve skin condition as well!  I have very positive results when I take it to help me sleep. I'm guessing it plays a role in why I experience  great results with MU TENUTO Bereceuse Water Gel cream as well! I love the consistency of this cream. Its a nice, light gel.  It doesn't take much cream at all to cover my face. It applies/spreads so easily on skin.  The first time I used it, I was concerned that it was going to be sticky.  Fortunately, that's not the case.  It absorbs quickly leaving my skin soft and smooth immediately.  I can not only see it but I can feel how it hydrates my skin as well. My skin is normally extremely sensitive and very dry.  The hydration really makes my skin feel great.  I apply the cream at night before bed and enjoy the results in the morning when I awaken.  Lavender is one of my favorite scents.  But I just do not care much for the scent of this cream.  I will not deduct a star from my rating due to the scent...the scent doesn't last long at all.  I don't think its fair to penalize the cream for a scent that doesn't last long.  I have no negative reactions to MU TENUTO. It works and feels great on my sensitive skin.  For those interested in packaging, the jar is glass-nice and heavy with music notes all around it. And here's a neat feature...if you scan the QR code on the package, a snippet of classic music will play on your Smart phone! That's pretty neat.<br /><br />I love what MU  TENUTO does for my skin and works with the very first use!  I find the price reasonable.  This is an excellent cream-it takes wonderful care of my dry, sensitive skin. Definitely recommended!",take melatonin help sleep every night no clue melatonin helps improve skin condition well very positive results take help sleep im guessing plays role experience great results mu tenuto bereceuse water gel cream well love consistency cream nice light gel doesnt take much cream cover face appliesspreads easily skin first time used concerned going sticky fortunately thats not case absorbs quickly leaving skin soft smooth immediately not see but feel hydrates skin well skin normally extremely sensitive very dry hydration really makes skin feel great apply cream night bed enjoy results morning awaken lavender one favorite scents but not care much scent cream not deduct star rating due scentthe scent doesnt last long dont think fair penalize cream scent doesnt last long no negative reactions mu tenuto works feels great sensitive skin interested packaging jar glassnice heavy music notes around heres neat featureif scan qr code package snippet classic music play smart phone thats pretty neati love mu tenuto skin works very first use find price reasonable excellent creamit takes wonderful care dry sensitive skin definitely recommended,Error,Error
4.0,Nice Leave-In w/ A Great Scent!,"EXURE is a pretty impressive leave-in conditioner that does a great job of softening and smoothing my hair. Its packed with an impressive array of nutrients, amino acids, vitamins, antioxidants that protect and heal damaged hair while also adding shine.  I don't need to use very much on my shoulder length hair.  EXURE has a fabulous scent as well.  I don't have any issues with EXURE weighing my hair down or making it look/feel oily or greasy.",exure pretty impressive leavein conditioner great job softening smoothing hair packed impressive array nutrients amino acids vitamins antioxidants protect heal damaged hair also adding shine dont need use very much shoulder length hair exure fabulous scent well dont issues exure weighing hair making lookfeel oily greasy,Error,Error
5.0,I LOVE What Easydew Does For My Skin!,"Should I start my review by telling you how incredibly creamy Easydew Daily face wash is? How it  makes my skin feel great as I'm washing with Easydew and even better after I've rinsed it off? How much I love the scent?<br /><br />Don't worry, I'll tell you everything! This is  my first ever Easydew product. In fact, prior to seeing this face wash in my VINE offers, I'd never even heard of Easydew brand products.  I'm so happy I ordered it.<br /><br />A nice, thin line of the wash dispenses from the tube.  (The tube is very sturdy and durable, for those interested in packaging) Now, the wash starts out like a kind of lotion but it lathers quickly and easily into a light, whipped foam. ( A dime size amount is all I need to sufficiently cover my face/forehead.  ) The whipped foam is SO creamy and it just feels so darn good as I apply it and when its on my face.  IDK if its possible but I swear I can feel it cleaning, hydrating and moisturizing my skin pretty much immediately.  After I rinse with lukewarm water and pat my skin dry with a towel, my skin is soft, smooth, clean and has  a bit of a glow.  It looks and feels so good and healthy. It feels fresh.  And it feels that way long after I've used Easydew.  Easydew leaves my skin feeling like it did when I was younger-before I used makeup, before I spent too much time in the sun unprotected.  It feels revived and I just love that feeling!  Everything about this daily wash is perfect in my book.  It works great and makes my skin look/feel great. The ingredients and what they do for skin is impressive. (I recommend taking a minute to read the info above regarding the ingredients!)  The scent is wonderful (though it vanishes VERY quickly).  And I have no issues using it on my dry, very sensitive skin.  The price is more than reasonable, especially with the results the wash brings and the fact only a small amount is needed when I wash my face.  Easydew is officially  a part of my daily skin care  routine now.  I absolutely recommend Easydew!",start review telling incredibly creamy easydew daily face wash makes skin feel great im washing easydew even better ive rinsed much love scentdont worry ill tell everything first ever easydew product fact prior seeing face wash vine offers id never even heard easydew brand products im happy ordered ita nice thin line wash dispenses tube tube very sturdy durable interested packaging wash starts like kind lotion but lathers quickly easily light whipped foam dime size amount need sufficiently cover faceforehead whipped foam creamy feels darn good apply face idk possible but swear feel cleaning hydrating moisturizing skin pretty much immediately rinse lukewarm water pat skin dry towel skin soft smooth clean bit glow looks feels good healthy feels fresh feels way long ive used easydew easydew leaves skin feeling like youngerbefore used makeup spent much time sun unprotected feels revived love feeling everything daily wash perfect book works great makes skin lookfeel great ingredients skin impressive recommend taking minute read info regarding ingredients scent wonderful though vanishes very quickly no issues using dry very sensitive skin price reasonable especially results wash brings fact small amount needed wash face easydew officially part daily skin care routine absolutely recommend easydew,Error,Error
5.0,SO Many Uses For Both Oils! I LOVE Them!,"I am finding SO many uses for Shiny Leaf's coconut and sweet almond oil! I do have some experience with coconut oil but this is my first time using sweet almond oil.  Thanks the labels on the bottles, reviews and internet searches, I'm finding SO many ways to use these oils...sometimes together, sometimes individually.<br /><br />Because I have terribly dry, sensitive skin, my main goal was to see how one or both oils could help protect my skin, especially now that winter has arrived and my skin is REALLY taking a beating.  Both oils work well to hydrate and moisturize, so I mixed a few ounces of each in a mist bottle. After I bathe, I mist  a combo of the oils over my skin to help hydrate and moisturize. The oils absorb quickly and do not leave an oily/greasy look OR feel to my skin.  I'm already seeing a decrease in my dry skin/itchy red patches of skin. I experience NO discomfort whatsoever when misting these oils onto my sensitive skin.  Both oils also work wonders on hair by moisturizing, hydrating, improving hair texture/strength, stimulate hair growth /thicken hair, and nourish the scalp to prevent dry, itchy flakes. In addition to using my combo of oils after bathing, I also give my hair a spray or two with the mister and sure enough, I'm seeing less hair in the drain and on my hairbrush after brushing. My hair is soft, smooth and shiny WITHOUT looking or feeling oily/greasy from the oil combo.<br /><br />I use the coconut oil (alone) to help remove makeup, under and around my eyes to soften and reduce fine lines, I rub a small amount into my scalp (as does my husband) to help stimulate hair growth, on the kid's faces after their baths to soften (especially in cold weather!), on my nail beds every couple of days and a light amount on any patches of eczema/red skin.  (It relieves the itching/burning and redness from eczema quickly!)<br /><br />I use the sweet almond oil (alone) on  dark circles under my eyes, a SMALL amount on split ends in my hair, a drop on chapped lips, I'm just starting to tinker with it for aromatherapy purposes.  I recently learned that it can help fade scars so I've begun to rub some sweet almond oil into a scar on my finger to see what happens. If it helps, I'll then move on to a small facial scar I have. I'm also trying something on my own; just started doing this a few days ago.  I get nosebleeds every single day, at least once a day, throughout the winter when the heat is on in the house. This started when I was 2 years old, I'm now 49 so I've experienced this my entire life.  I now rub a small amount of sweet almond oil under my nostrils before bed.  Since starting this, I continue to have nosebleeds. Yesterday, I had only one and it involved just a few drops of blood. I didn't whip through numerous tissues like normal.  ONE tissue took care of it. (that's huge for me!) I have NO clue if its just a coincidence or if the sweet almond oil is helping in any way but I'm going to continue using it.<br /><br />These oils are phenomenal! Both bottles are 16oz.  I love the fact that they have normal caps on them but pumps for each bottle are included as well.  The liquid of each is thinner oil than I expected, which I prefer.  Both absorb quickly. Neither has a scent.  I've found SO many uses for these oils, I can't wait to discover more. ( I'm SO happy with these oils, I recently purchased Shiny Leaf's biotin hair conditioner and cannot wait to try it! ) I find the price to be incredibly reasonable, especially since you're getting TWO bottles of oils! HIGHLY recommended!<br /><br />*FYI...the mist bottle on the end in my photo is NOT included! I used one of my  own mist bottles to combine both oils.  You will get both bottles AND pumps that you see in my photo, NOT the mist sprayer!",finding many uses shiny leafs coconut sweet almond oil experience coconut oil but first time using sweet almond oil thanks labels bottles reviews internet searches im finding many ways use oilssometimes together sometimes individuallybecause terribly dry sensitive skin main goal see one oils could help protect skin especially winter arrived skin really taking beating oils work well hydrate moisturize mixed ounces mist bottle bathe mist combo oils skin help hydrate moisturize oils absorb quickly not leave oilygreasy look feel skin im already seeing decrease dry skinitchy red patches skin experience no discomfort whatsoever misting oils onto sensitive skin oils also work wonders hair moisturizing hydrating improving hair texturestrength stimulate hair growth thicken hair nourish scalp prevent dry itchy flakes addition using combo oils bathing also give hair spray two mister sure enough im seeing less hair drain hairbrush brushing hair soft smooth shiny without looking feeling oilygreasy oil comboi use coconut oil alone help remove makeup around eyes soften reduce fine lines rub small amount scalp husband help stimulate hair growth kids faces baths soften especially cold weather nail beds every couple days light amount patches eczemared skin relieves itchingburning redness eczema quicklyi use sweet almond oil alone dark circles eyes small amount split ends hair drop chapped lips im starting tinker aromatherapy purposes recently learned help fade scars ive begun rub sweet almond oil scar finger see happens helps ill move small facial scar im also trying something started days ago get nosebleeds every single day least day throughout winter heat house started years old im ive experienced entire life rub small amount sweet almond oil nostrils bed since starting continue nosebleeds yesterday one involved drops blood didnt whip numerous tissues like normal one tissue took care thats huge no clue coincidence sweet almond oil helping way but im going continue using itthese oils phenomenal bottles oz love fact normal caps but pumps bottle included well liquid thinner oil expected prefer absorb quickly neither scent ive found many uses oils cant wait discover im happy oils recently purchased shiny leafs biotin hair conditioner cannot wait try find price incredibly reasonable especially since youre getting two bottles oils highly recommendedfyithe mist bottle end photo not included used one mist bottles combine oils get bottles pumps see photo not mist sprayer,Error,Error
2.0,Not The Right Mud Mask For Me,"The directions on the tube of FRESHME's mud mask (pelargonium graveolens) state  those with sensitive skin should use the mud mask once a week. Because I have  sensitive skin that's precisely what  I did.  I also followed the directions that state the mask should be used after bathing or after warming the skin with a towel for 5 minutes.  Perhaps my skin is just too sensitive because I really didn't notice much of a  difference after using this mud mask.  Its on the light, watery side so its easy to apply and doesn't take much to cover my face.  In the 15 minutes it sits on my skin (10-15 recommended per directions) it never entirely dries and I don't experience the feeling of skin tightening at all.  After I rinse it off (it rinses without issue), my skin feels clean but a bit dry. I cannot detect any change to my pores.  This just isn't the mud mask for me. I've discontinued using it and will be giving the rest to my niece over the holidays. My review will be updated if she has better results than I.<br /><br />--photo #1-taken right after I put some mask on my hand<br />--photo#2-taken after mask sat on my hand for 15 minutes (doesn't dry entirely)",directions tube freshmes mud mask pelargonium graveolens state sensitive skin use mud mask week sensitive skin thats precisely also followed directions state mask used bathing warming skin towel minutes perhaps skin sensitive really didnt notice much difference using mud mask light watery side easy apply doesnt take much cover face minutes sits skin recommended per directions never entirely dries dont experience feeling skin tightening rinse rinses without issue skin feels clean but bit dry cannot detect change pores isnt mud mask ive discontinued using giving rest niece holidays review updated better results iphoto taken right put mask handphototaken mask sat hand minutes doesnt dry entirely,Error,Error
4.0,Patches Work Well...Not a Huge Fan of the Roller,"Somehow, I managed to dodge dark circles under my eyes for most of my life...until a few years ago. Now, they're the 'norm' for me.  Same for puffy eyes. FRLEDM's 24K gold under eyes patches help tackle both issues and do so quickly. I keep the patches in the fridge-I get better results when they're cold and it feels good as well.  I wear the patches in the morning for about 15 minutes and I'm good to go.  It did take multiple uses before the results were obvious but that's to be expected.  I like many of the ingredients in the patches, including: collagen, hyaluronic acid (HUGE fan!), and aloe, to name a few.  I'm not a  fan of the roller, unfortunately.  I just do not care for the way it feels on skin...its not smooth and gentle, more like tugging and pulling.  I will be passing it along to my mom who is anxious to try it.<br /><br />While I'm not a fan of the roller, I am a fan of the patches and am pleased with the results they provide.  I will continue to use the patches and definitely recommend them. I hate to say that I don't recommend the roller just because I don't like the way it feels so I will just say  its not for me.",somehow managed dodge dark circles eyes lifeuntil years ago theyre norm puffy eyes frledms k gold eyes patches help tackle issues quickly keep patches fridgei get better results theyre cold feels good well wear patches morning minutes im good go take multiple uses results obvious but thats expected like many ingredients patches including collagen hyaluronic acid huge fan aloe name im not fan roller unfortunately not care way feels skinits not smooth gentle like tugging pulling passing along mom anxious try itwhile im not fan roller fan patches pleased results provide continue use patches definitely recommend hate say dont recommend roller dont like way feels say not,Error,Error
4.0,"Good Results, Good Men's Lotion",My husband has dry skin that is worsening now that cold weather has arrived and the heat is on in the house on pretty much a regular basis.  I ordered this cream to help moisturize his dry skin as well as  reduce his fine lines as he approaches the 'big 5-0'.  He's not yet noticed a reduction to his fine lines though he hasn't been using the lotion very long but he is pleased with the job its doing to help moisturize his skin.  His skin isn't nearly as dry as it had been so he is experiencing some much needed relief.  He is a fan of the scent and he's happy that the lotion doesn't cause his skin to look or feel oily/greasy.  He's definitely satisfied with this cream and the results he is receiving thus far.,husband dry skin worsening cold weather arrived heat house pretty much regular basis ordered cream help moisturize dry skin well reduce fine lines approaches big hes not yet noticed reduction fine lines though hasnt using lotion very long but pleased job help moisturize skin skin isnt nearly dry experiencing much needed relief fan scent hes happy lotion doesnt cause skin look feel oilygreasy hes definitely satisfied cream results receiving thus far,Error,Error
5.0,"Softens, Smooths and Soothes Skin","I ordered LA LA Leaf Guayaquil hemp lotion for my husband . While it is indeed a hands and body lotion, it targets especially dry skin areas-elbows, feet and heels. He has unbelievably dry , rough elbows and does so year round. He's always rubbing creams and lotions into his elbows with very little positive results. Until now. LA LA Leaf is softening his terribly dry, cracked elbows and doing so each time  he applies it. He has pretty much stopped complaining about his dry elbows, instead expressing  (nearly EVERY. SINGLE. DAY!) his excitement now that he has finally found a remedy.  lol.  While I ordered LA LA Leaf for him, I've now started to use it on my hands as well. Its lightweight, absorbs quickly and doesn't cause my skin to look or feel oily or greasy. Let me tell you, the hemp oil, rose flower water white bark extract , aloe (a fave of mine) ingredients do a heck of a job softening and smoothing my hands after I apply LA LA Leaf. I'm already planning on using extra LA LA Leaf in the winter when my hands get the dreaded deep, extremely painful cracks due to cold weather. I noticed in the info provided above, this lotion can be used after spending time in the sun. Because my skin is so terribly sensitive and dry, I do believe I will use LA LA Leaf after spending time outside in the sun when the weather gets warmer. Regardless of where you use LA LA Leaf on your body, its going to leave you with soft, smooth skin and will do so quickly.  I do believe LA LA Leaf is worth the cost. It doesn't take much lotion to cover the skin (in the areas we are using it on) so this tube is going to last us a decent amount of time. I have every intention of continuing to use/buy LA LA Leaf. It's wonderful",ordered la la leaf guayaquil hemp lotion husband indeed hands body lotion targets especially dry skin areaselbows feet heels unbelievably dry rough elbows year round hes always rubbing creams lotions elbows very little positive results la la leaf softening terribly dry cracked elbows time applies pretty much stopped complaining dry elbows instead expressing nearly every single day excitement finally found remedy lol ordered la la leaf ive started use hands well lightweight absorbs quickly doesnt cause skin look feel oily greasy let tell hemp oil rose flower water white bark extract aloe fave mine ingredients heck job softening smoothing hands apply la la leaf im already planning using extra la la leaf winter hands get dreaded deep extremely painful cracks due cold weather noticed info provided lotion used spending time sun skin terribly sensitive dry believe use la la leaf spending time outside sun weather gets warmer regardless use la la leaf body going leave soft smooth skin quickly believe la la leaf worth cost doesnt take much lotion cover skin areas using tube going last us decent amount time every intention continuing usebuy la la leaf wonderful,Error,Error
3.0,Same Results as Dunking in a Bowl of Water,"If you're a dog owner, its practically guaranteed at some point, you will have to deal with your dog having dirty, muddy paws. Happens often with our bichon Mac. (Naturally, it recently happened right after I cleaned and mopped the house! lol)  I ordered the Mr. Ros automatic cleaner for small/medium dogs. Its very sturdy and durable, not at all flimsy.  Its roughly 8""tall  and has a removable mat with silicone bristles in the interior which is easily removable for cleaning purposes.  The bristles are very soft and not at all hard or sharp. It arrived already charged. A USB cord is included. To operate, simply add water to the washer-(2-3 cups per instructions) Liquid soap may be added as well. (I didn't use soap) Turn the washer on-it does make noise though its  not terribly loud at all-and place the dog's paw in the washer for 1-2 minutes. Dry each paw with a towel after cleaning. Mac wasn't thrilled throughout the cleaning process but he also wasn't really scared by it. My husband started to pour out the dirty water before I could stop him so you won't see much,  but you can see in my photo the water is discolored a bit following the cleaning.  If a wet towel isn't enough to clean Mac's muddy/dirty paws, my regular cleaning method is to put some lukewarm water in a small bowl , dunk each paw one at a time and use my hand to remove the dirt from his fur while submerged. Quite honestly, I really don't see much of a difference between that cleaning method and the Dr. Ros paw washer. Perhaps results vary depending on the breed of dog but for our bichon, I really don't see a  difference.",youre dog owner practically guaranteed point deal dog dirty muddy paws happens often bichon mac naturally recently happened right cleaned mopped house lol ordered mr ros automatic cleaner smallmedium dogs very sturdy durable not flimsy roughly tall removable mat silicone bristles interior easily removable cleaning purposes bristles very soft not hard sharp arrived already charged usb cord included operate simply add water washer cups per instructions liquid soap may added well didnt use soap turn washer onit make noise though not terribly loud alland place dogs paw washer minutes dry paw towel cleaning mac wasnt thrilled throughout cleaning process but also wasnt really scared husband started pour dirty water could stop wont see much but see photo water discolored bit following cleaning wet towel isnt enough clean macs muddydirty paws regular cleaning method put lukewarm water small bowl dunk paw one time use hand remove dirt fur submerged quite honestly really dont see much difference cleaning method dr ros paw washer perhaps results vary depending breed dog but bichon really dont see difference,Error,Error
5.0,Follain  Does What It Promises To Do,"You know the saying 'kill two birds with one stone'? That is precisely what I had in mind when I ordered Follain Mattifying Moisturizer.  I have dry, sensitive skin but its not oily. My husband has oily skin. I have fine lines and wrinkles on my face. My husband does not.  Because Follain moisturizer promises to combat oily skin, as well as fine lines and wrinkles and is a clean, vegan product, I ordered it to find out if it could help the both of us with our skin issues.  I'm happy to tell you that it has helped the both of us.  The moisturizer is a bit thinner than I'm used to. I don't say that in a bad way because its not at all bad.  One pump of the canister delivers enough moisturizer to cover my facial skin. Its very lightweight and absorbs quickly without leaving a look or feel of oily/greasy skin. It provides immediate hydration and does a nice job of softening my skin. I am VERY happy to say I absolutely have a noticeable reduction in the fine lines and wrinkles on my face. They don't go away entirely, but there is a definite reduction in size and appearance. ( I can't tell you how much I needed to experience this right now as my 49th bday is this week...that means 5-0 isn't far behind and I'm kind of starting to freak about it! )  My husband also tried this for his oily skin with impressive results.  Follain controls his oily skin and prevents the shiny, damp look that comes with oily skin thanks to the mattifying benefit of this moisturizer.  We both use it as needed and not even on a daily basis.  Follain works and it works well. We're both very pleased and grateful for the results!",know saying kill two birds one stone precisely mind ordered follain mattifying moisturizer dry sensitive skin but not oily husband oily skin fine lines wrinkles face husband not follain moisturizer promises combat oily skin well fine lines wrinkles clean vegan product ordered find could help us skin issues im happy tell helped us moisturizer bit thinner im used dont say bad way not bad one pump canister delivers enough moisturizer cover facial skin very lightweight absorbs quickly without leaving look feel oilygreasy skin provides immediate hydration nice job softening skin very happy say absolutely noticeable reduction fine lines wrinkles face dont go away entirely but definite reduction size appearance cant tell much needed experience right th bday weekthat means isnt far behind im kind starting freak husband also tried oily skin impressive results follain controls oily skin prevents shiny damp look comes oily skin thanks mattifying benefit moisturizer use needed not even daily basis follain works works well very pleased grateful results,Error,Error
5.0,"Lightweight, Refreshing and Wonderful","Boy oh boy, does my dry, sensitive skin LOVE LOVE LOVE Higher Education's Goal Digger cucumber creme!  This is a wonderful  lightweight creme packed with important nutrients such as:  cucumber extract, kale, melon, cabbage, ginger and turmeric, to name a few. Together, these ingredients hydrate and soften skin and do so quickly.  The creme applies nicely -a little goes a LONG way. My skin absorbs it very rapidly and it does not leave a greasy/oily feeling.  It has a nice, light, refreshing  cucumber scent.  This creme will not make your wrinkles and fine lines vanish entirely but  will help visibly reduce them.  If you have dry, sensitive skin you're going to want to try this creme. It will do wonders for your skin!",boy oh boy dry sensitive skin love love love higher educations goal digger cucumber creme wonderful lightweight creme packed important nutrients cucumber extract kale melon cabbage ginger turmeric name together ingredients hydrate soften skin quickly creme applies nicely little goes long way skin absorbs very rapidly not leave greasyoily feeling nice light refreshing cucumber scent creme not make wrinkles fine lines vanish entirely but help visibly reduce dry sensitive skin youre going want try creme wonders skin,Error,Error
5.0,Never Knew My Feet Could Be So Soft!,"My feet are so horribly dry and cracked,  they look like funky fish scales.  I was anxious to see if Monikahair's foot peel mask could help.  The process is incredibly easy and requires next to no work.  Prior to starting, I cleaned my feet. ( The lotion for the treatment is already in the socks).  I then placed a plastic 'sock' over each foot and used the tape on each sock to seal them closed.  The instructions say to keep the socks on for 60-90 minutes but I got wrapped up in an episode of 90 Day Fiance and kept them on for 2 hours. lol. The lotion did not cause any issues for me...I have extremely sensitive skin and had no reaction of any kind to the lotion. It did not cause burning/itching, etc.  When the time was up, I removed the socks and cleaned my feet.<br /><br />Here's what happened:<br /><br />Day 1 (the day after I did the treatment)-nothing<br /><br />Day 2-VERY light peeling-more like little 'threads' of skin<br /><br />Day 3-Actual peeling -I was pulling some decent pieces of skin off of both feet<br /><br />Day 4-WOW...BIG pieces of peeling skin! (unfortunately, I had already started to peel off the skin when I remembered to take a picture for this review...the picture does not show just how much peeling had actually taken place)<br /><br />Day 5-Very little peeling-mainly on toes<br /><br />Day 6-Next to no peeling<br /><br />Day 7 & 8-No peeling at all<br /><br />Results:<br /><br />The bottom of my feet are soft and pink with the exception of my heels. Those are my trouble areas. Calluses are very thick and cracked on my heels.  (a million times worse during winter months!) I DID have some progress on my heels but nowhere near the rest of my feet.  I used the scraper (? not sure if that's what it's called) and made a bit of progress.  I wish now that i had wiped some of the lotion directly on my heels when I wore the socks.  When I do my next treatment, I will absolutely rub some lotion directly on my heels when I start.  I'm impressed and thrilled with the results.  Its flip flop season and my feet aren't always pretty to look at.  This foot peel really helped.  I absolutely recommend Monikahair foot peel if your feet are dry and cracked. They're going to look and feel SO much better after using this treatment! (I told my mom about my success and she already ordered one of herself !lol )<br /><br />Photos:<br /><br />#1-wearing the 'socks', #2- day 2, #3-day 4, #4-finished<br /><br />Day 5",feet horribly dry cracked look like funky fish scales anxious see monikahairs foot peel mask could help process incredibly easy requires next no work prior starting cleaned feet lotion treatment already socks placed plastic sock foot used tape sock seal closed instructions say keep socks minutes but got wrapped episode day fiance kept hours lol lotion not cause issues mei extremely sensitive skin no reaction kind lotion not cause burningitching etc time removed socks cleaned feetheres happenedday day treatmentnothingday very light peelingmore like little threads skinday actual peeling pulling decent pieces skin feetday wowbig pieces peeling skin unfortunately already started peel skin remembered take picture reviewthe picture not show much peeling actually taken placeday very little peelingmainly toesday next no peelingday no peeling allresultsthe bottom feet soft pink exception heels trouble areas calluses very thick cracked heels million times worse winter months progress heels but nowhere near rest feet used scraper not sure thats called made bit progress wish wiped lotion directly heels wore socks next treatment absolutely rub lotion directly heels start im impressed thrilled results flip flop season feet arent always pretty look foot peel really helped absolutely recommend monikahair foot peel feet dry cracked theyre going look feel much better using treatment told mom success already ordered one lol photoswearing socks day day finishedday,Error,Error
5.0,Took Care of My Brassy Hair the First Time I Used It!,"A few weeks ago, I tried a different brand of purple conditioner. This was the first time I'd ever used any purple conditioner on my blond hair. After using the other brand, I noticed a subtle change to the brassiness in my hair. While I was satisfied with the results, I also assumed it had done all it could do for my hair.  Tonight, I tried WELLUTION Purple Hair Mask (for blonds).  The mask is easy to apply and it distributes nice  and even on my hair. My hair is thick and shoulder length. It didn't take much mask to cover all of my hair. ( I did put extra mask on my roots/scalp area because I do dye my roots) I let the mask sit on my hair for 10 minutes.  It has a nice scent to it that I very much like. I had no issues rinsing the mask from my hair. It rinsed out without issue. It did not cause my hair to look/feel oily or greasy. I was able to comb it without issue and let it air dry.  When my hair was completely dry it looked and felt nice and soft. My natural waves were present without flyaways.  But...I also noticed my hair was FAR less brassy than it had been.  The change was not subtle the way it was with the first brand I'd tried weeks ago.  This was very noticeable. To say that I""m pleased with this mask is an understatement. Its wonderful.  And I WILL continue to use it as needed.  Blonds, if you're dealing with brassy hair, give this mask a try. I hope it works for you as well as it did for me.",weeks ago tried different brand purple conditioner first time id ever used purple conditioner blond hair using brand noticed subtle change brassiness hair satisfied results also assumed done could hair tonight tried wellution purple hair mask blonds mask easy apply distributes nice even hair hair thick shoulder length didnt take much mask cover hair put extra mask rootsscalp area dye roots let mask sit hair minutes nice scent very much like no issues rinsing mask hair rinsed without issue not cause hair lookfeel oily greasy able comb without issue let air dry hair completely dry looked felt nice soft natural waves present without flyaways buti also noticed hair far less brassy change not subtle way first brand id tried weeks ago very noticeable say im pleased mask understatement wonderful continue use needed blonds youre dealing brassy hair give mask try hope works well,Error,Error
4.0,Nice Formula!,Very “rusty” color.,very rusty color,Error,Error
5.0,So Fabulous!,"Of course, I love Tréstique, but I especially love this lip primer!  It’s not chalky nor sticky, but provides a great priming for Tréstique lipsticks.  I like the primer so much that I purchased them for all of my Tréstique lippies, as opposed to balm that comes with the glosses.  It gives your lipstick longevity and allows for fullest pigment payoff!",course love trstique but especially love lip primer not chalky nor sticky but provides great priming trstique lipsticks like primer much purchased trstique lippies opposed balm comes glosses gives lipstick longevity allows fullest pigment payoff,Error,Error
5.0,Excellent Purchase,"Simple, thoughtful design.  Priced right.  I use this to allow brushes to dry after washing.  Works perfectly!",simple thoughtful design priced right use allow brushes dry washing works perfectly,Error,Error
5.0,Looks cute !!,"I Love these hats for bedtime, Keeps my hair in place and looks cute. And stays on good. Thank YOU",love hats bedtime keeps hair place looks cute stays good thank,Error,Error
3.0,Not for thick hair,"Try as I might, these clips simply would not stay in my thick hair. They kept slipping and falling out. They are weak and have no grip whatsoever. Others with thinner or finer hair may have better results.",try might clips simply would not stay thick hair kept slipping falling weak no grip whatsoever others thinner finer hair may better results,Error,Error
2.0,Not for thick hair,"I have very thick hair and when these arrived I attempted to use it to finish a bun. Nope. Thick hair weighs a LOT and this bird nest hair clip just adds more weight and since my bun isn't on top of my head, the clip's weight pushes my bun off the back of my head. I had high hopes for these cute clips, but unfortunately they are a no go for me. I've donated them to my local women's shelter.",very thick hair arrived attempted use finish bun nope thick hair weighs lot bird nest hair clip adds weight since bun isnt top head clips weight pushes bun back head high hopes cute clips but unfortunately no go ive donated local womens shelter,Error,Error
3.0,Gives soft lips but doesn't absorb well,"I got this KLAVUU Nourishing Care Lip Sleeping Pack and have been using it nightly for a few weeks now. I have found that it is tasteless, odorless and does give me very soft lips by the next morning. However, it is extremely thick and sticky and it doesn't absorb very well. I apply it right before bed and no matter how careful I am to apply a very small amount I always need to use a tissue to dab the excess off so my lips don't stick to my pillowcase and so lint isn't attracted to and stick to my lips while I sleep. So, even though I have soft lips in the A.M., this is a pass for me.",got klavuu nourishing care lip sleeping pack using nightly weeks found tasteless odorless give very soft lips next morning however extremely thick sticky doesnt absorb very well apply right bed no matter careful apply very small amount always need use tissue dab excess lips dont stick pillowcase lint isnt attracted stick lips sleep even though soft lips pass,Error,Error
4.0,These are very nice masks that do exactly what they claim.,"Easy to use, my face was noticeably tighter the next morning and the price is right on point for the pack of 10 that you get. Add to that the scent is not overpowering and there was more than enough serum to get the job done. Thumbs up!",easy use face noticeably tighter next morning price right point pack get add scent not overpowering enough serum get job done thumbs,Error,Error
5.0,Got thick hair? Get these scrunchies!!,"FINALLY!! Hair scrunchies that will not only hold my thick, medium length hair in a ponytail but will also STAY in my hair! I am so tired of scrunchies that fall out of my hair. Seriously. But I got these and they stay put! I am SO happy that I don't have to mess with a falling ponytail all the time anymore! The colors are very nice and the elastic is the best I've ever found in a scrunchie. I will be buying more in other colors!!",finally hair scrunchies not hold thick medium length hair ponytail but also stay hair tired scrunchies fall hair seriously but got stay put happy dont mess falling ponytail time anymore colors very nice elastic best ive ever found scrunchie buying colors,Error,Error
4.0,Decent products but over-priced and over-packaged,"The cuticle oil is so very hydrating. My cuticles (both on my feet and hands) are always dry and cracked and this oil really helped them not only look better but feel so much better! I appreciated the easy roll-on applicator too. The body lotion is a decent lotion. I wouldn't say it is earth-shattering or mind-blowing.. but it does smell really good and the scent isn't too overwhelming or powerful. My grandma is sensitive to powerful scents and she didn't turn her nose up at it so there's that. It is a decent thickness (not too runny or too thick), it absorbed relatively quickly and it makes my skin feel soft. The packaging is over the top, in a bad way. As a eco-minded person, the amount of packaging used was just ridiculous and unnecessary, IMO. My experience doesn't justify the price.. for the amounts you get and the average results are not equal to the price paid. Overall, this is a nice set and gift-worthy, but I probably won't purchase it again.",cuticle oil very hydrating cuticles feet hands always dry cracked oil really helped not look better but feel much better appreciated easy rollon applicator body lotion decent lotion wouldnt say earthshattering mindblowing but smell really good scent isnt overwhelming powerful grandma sensitive powerful scents didnt turn nose theres decent thickness not runny thick absorbed relatively quickly makes skin feel soft packaging top bad way ecominded person amount packaging used ridiculous unnecessary imo experience doesnt justify price amounts get average results not equal price paid overall nice set giftworthy but probably wont purchase,Error,Error
4.0,Please put the directions on the bottle!,"I got this CURECODE serum in hopes of introducing more moisture to my dry face (gotta love winter). The very first thing I noticed was that, while there are directions on the box, there are NO instructions on the bottle itself. I'm not in the habit of keeping the packaging (who does that?!).. they need to add the directions onto the bottle label!<br /><br />The serum itself is pleasing. There was NO scent (THANK YOU!), my sensitive skin had no negative reactions at all and I was pleased with the thickness. It didn't completely absorb into my skin.. I had a few pieces of pillow lint (flannel sheets) stuck to my cheeks the next morning. I can't say how well it works long term yet, but I have high hopes as my skin was more supple the next am. I will update this review if I have any negative reactions.",got curecode serum hopes introducing moisture dry face gotta love winter very first thing noticed directions box no instructions bottle im not habit keeping packaging need add directions onto bottle labelthe serum pleasing no scent thank sensitive skin no negative reactions pleased thickness didnt completely absorb skin pieces pillow lint flannel sheets stuck cheeks next morning cant say well works long term yet but high hopes skin supple next update review negative reactions,Error,Error
4.0,Lasts and Lasts,"I purchased this cover January 17, 2011 when I started massage therapy school. I will also mention that when I made my purchase, it was sold as one cover for $8.50. It is a very long lasting cover! Not only did it survive 7 months of use in school, it has been part of my cover collection used for almost 2 years in my practice. It has been laundered and has held up beautifully - no rips, tears, fading or loss of softness. I am considering purchasing more now as my clientele has grown. With the current offer of $32 for a pack of 6, that makes each cover only a little over $5 each. With the track record the one I already have has, I am more than confident in purchasing more!",purchased cover january started massage therapy school also mention made purchase sold one cover very long lasting cover not survive months use school part cover collection used almost years practice laundered held beautifully no rips tears fading loss softness considering purchasing clientele grown current offer pack makes cover little track record one already confident purchasing,Error,Error
5.0,Great Glosses!,"Love these little glosses! Packaging so cute, and not at all ""gummy"". Feels like a more expensive product.<br />Actually perfect for sharing with my daughter who does not like a lot of color so I take those and she has the neutrals.",love little glosses packaging cute not gummy feels like expensive productactually perfect sharing daughter not like lot color take neutrals,Error,Error
3.0,Not what I received,"I love the dnd product.  I received 2 top coats and two base coats.  Wanted 4 top coats (as advertised).  They were in different bottles than what I've had before.  The top coat is thicker and yellows on my ""White polish"".  Oh well . . .  I don't use white polish often . . .",love dnd product received top coats two base coats wanted top coats advertised different bottles ive top coat thicker yellows white polish oh well dont use white polish often,Error,Error
4.0,Salux Wathclothes,"Love these! The bumps on my legs finally gone! I just use on my arms on legs. Also, a great gift for girlfriends!",love bumps legs finally gone use arms legs also great gift girlfriends,Error,Error
2.0,Best Hair Serum,"Would not spend money again for this product, there are cheaper ones on market that do the same thing. Item just ok.",would not spend money product cheaper ones market thing item ok,Error,Error
1.0,Junk,"This is absolutely junk!! The bit won’t even stay in. A total waste of money. Do not buy!,",absolutely junk bit wont even stay total waste money not buy,Error,Error
4.0,Four Stars,Good product,good product,Error,Error
5.0,Five Stars,great,great,Error,Error
5.0,Five Stars,love this product good price,love product good price,Error,Error
5.0,Five Stars,Beautiful as they look hold your hair all day,beautiful look hold hair day,Error,Error
1.0,This product is simply over priced. Have no idea ...,"This product is simply over priced. Have no idea how to use it. Claim to have a video, but the web page cannot be found. Thought the tool was at least a more stronger plastic.this same tool can be found at your local hair store for $.59. Iam returning.",product simply priced no idea use claim video but web page cannot found thought tool least stronger plasticthis tool found local hair store iam returning,Error,Error
5.0,Durable cute retro 😁,I absolutely love ❤️ these 😁 they are nice and heavy stay closed tight great value too!,absolutely love nice heavy stay closed tight great value,Error,Error
5.0,Love it,Favorite scent,favorite scent,Error,Error
5.0,Work well and are a good size.,Would buy again.,would buy,Error,Error
5.0,Used daily,"Good buy. Quality toothbrush. Simple to use, easy to replace the brushes when they wera out. Absolutely no complaints. Would use this vendor in the future.",good buy quality toothbrush simple use easy replace brushes wera absolutely no complaints would use vendor future,Error,Error
4.0,Hair claws,"Nice, tight, assorted colors. Downside: one was broken upon receipt.",nice tight assorted colors downside one broken upon receipt,Error,Error
5.0,Great product at a Great Price!,Great buy at a great price and they were packed great!,great buy great price packed great,Error,Error
2.0,Pretty cheap quality.,"Don’t recommend. No your nails don’t look acrylic. Yes they look plastic, thin, and fake.",dont recommend no nails dont look acrylic yes look plastic thin fake,Error,Error
5.0,Best Dry Shampoo,"This is the best dry shampoo I’ve found. Nice light smell, doesn’t dull hair.",best dry shampoo ive found nice light smell doesnt dull hair,Error,Error
5.0,so luxurious,Smells devine and it's so silky.,smells devine silky,Error,Error
2.0,OK,Too Soft,soft,Error,Error
